Date,AAPL,ADBE,AMZN,FB,GOOG,GOOGL,MSFT,NFLX,NVDA,TSLA,^NDX
2020-01-02,75.0875015258789,334.42999267578125,1898.010009765625,209.77999877929688,1367.3699951171875,1368.6800537109375,160.6199951171875,329.80999755859375,59.977500915527344,86.052001953125,8872.2197265625
2020-01-03,74.35749816894531,331.80999755859375,1874.969970703125,208.6699981689453,1360.6600341796875,1361.52001953125,158.6199951171875,325.8999938964844,59.01750183105469,88.60199737548828,8793.900390625
2020-01-06,74.94999694824219,333.7099914550781,1902.8800048828125,212.60000610351562,1394.2099609375,1397.81005859375,159.02999877929688,335.8299865722656,59.26499938964844,90.30799865722656,8848.51953125
2020-01-07,74.59750366210938,333.3900146484375,1906.8599853515625,213.05999755859375,1393.3399658203125,1395.1099853515625,157.5800018310547,330.75,59.98249816894531,93.81199645996094,8846.4501953125
2020-01-08,75.79750061035156,337.8699951171875,1891.969970703125,215.22000122070312,1404.3199462890625,1405.0400390625,160.08999633789062,339.260009765625,60.095001220703125,98.4280014038086,8912.3701171875
2020-01-09,77.40750122070312,340.45001220703125,1901.050048828125,218.3000030517578,1419.8299560546875,1419.7900390625,162.08999633789062,335.6600036621094,60.755001068115234,96.26799774169922,8989.6298828125
2020-01-10,77.5824966430664,339.80999755859375,1883.1600341796875,218.05999755859375,1429.72998046875,1428.9599609375,161.33999633789062,329.04998779296875,61.08000183105469,95.62999725341797,8966.6396484375
2020-01-13,79.23999786376953,345.6300048828125,1891.300048828125,221.91000366210938,1439.22998046875,1440.030029296875,163.27999877929688,338.9200134277344,62.994998931884766,104.97200012207031,9070.650390625
2020-01-14,78.16999816894531,344.6300048828125,1869.43994140625,219.05999755859375,1430.8800048828125,1430.5899658203125,162.1300048828125,338.69000244140625,61.81999969482422,107.58399963378906,9033.419921875
2020-01-15,77.83499908447266,342.94000244140625,1862.02001953125,221.14999389648438,1439.199951171875,1439.199951171875,163.17999267578125,339.07000732421875,61.39250183105469,103.69999694824219,9035.669921875
2020-01-16,78.80999755859375,345.3800048828125,1877.93994140625,221.77000427246094,1451.699951171875,1450.1600341796875,166.1699981689453,338.6199951171875,62.23249816894531,102.697998046875,9125.0
2020-01-17,79.68250274658203,349.739990234375,1864.719970703125,222.13999938964844,1480.3900146484375,1479.52001953125,167.10000610351562,339.6700134277344,62.31999969482422,102.0999984741211,9173.73046875
2020-01-21,79.14250183105469,350.0,1892.0,221.44000244140625,1484.4000244140625,1482.25,166.5,338.1099853515625,61.98500061035156,109.44000244140625,9166.6298828125
2020-01-22,79.42500305175781,350.05999755859375,1887.4599609375,221.32000732421875,1485.949951171875,1483.8699951171875,165.6999969482422,326.0,62.52750015258789,113.91200256347656,9188.580078125
2020-01-23,79.80750274658203,351.760009765625,1884.5799560546875,219.75999450683594,1486.6500244140625,1484.68994140625,166.72000122070312,349.6000061035156,63.21500015258789,114.44000244140625,9216.98046875
2020-01-24,79.57749938964844,351.3699951171875,1861.6400146484375,217.94000244140625,1466.7099609375,1466.1700439453125,165.0399932861328,353.1600036621094,62.619998931884766,112.96399688720703,9141.4697265625
2020-01-27,77.23750305175781,346.8999938964844,1828.3399658203125,214.8699951171875,1433.9000244140625,1431.72998046875,162.27999877929688,342.8800048828125,60.04999923706055,111.60399627685547,8952.1796875
2020-01-28,79.42250061035156,354.6300048828125,1853.25,217.7899932861328,1452.56005859375,1450.5,165.4600067138672,348.5199890136719,61.99250030517578,113.37999725341797,9090.9296875
2020-01-29,81.08499908447266,351.6600036621094,1858.0,223.22999572753906,1458.6300048828125,1456.699951171875,168.0399932861328,343.1600036621094,61.3849983215332,116.197998046875,9101.6103515625
2020-01-30,80.96749877929688,356.739990234375,1870.6800537109375,209.52999877929688,1455.8399658203125,1454.25,172.77999877929688,347.739990234375,61.45249938964844,128.16200256347656,9136.08984375
2020-01-31,77.37750244140625,351.1400146484375,2008.719970703125,201.91000366210938,1434.22998046875,1432.780029296875,170.22999572753906,345.0899963378906,59.10749816894531,130.11399841308594,8991.509765625
2020-02-03,77.16500091552734,358.0,2004.199951171875,204.19000244140625,1485.93994140625,1482.5999755859375,174.3800048828125,358.0,60.08250045776367,156.0,9126.23046875
2020-02-04,79.7125015258789,366.739990234375,2049.669921875,209.8300018310547,1447.0699462890625,1445.4100341796875,180.1199951171875,369.010009765625,61.782501220703125,177.41200256347656,9334.0595703125
2020-02-05,80.36250305175781,365.54998779296875,2039.8699951171875,210.11000061035156,1448.22998046875,1446.050048828125,179.89999389648438,369.6700134277344,62.689998626708984,146.94000244140625,9367.48046875
2020-02-06,81.30249786376953,367.4599914550781,2050.22998046875,210.85000610351562,1476.22998046875,1475.969970703125,183.6300048828125,366.95001220703125,63.5625,149.79200744628906,9445.919921875
2020-02-07,80.00749969482422,366.0899963378906,2079.280029296875,212.3300018310547,1479.22998046875,1479.1099853515625,183.88999938964844,366.7699890136719,62.897499084472656,149.61399841308594,9401.099609375
2020-02-10,80.38749694824219,370.0,2133.909912109375,213.05999755859375,1508.6800537109375,1508.6600341796875,188.6999969482422,371.07000732421875,65.74250030517578,154.25599670410156,9516.83984375
2020-02-11,79.90249633789062,369.2799987792969,2150.800048828125,207.19000244140625,1508.7900390625,1510.06005859375,184.44000244140625,373.69000244140625,66.97250366210938,154.87600708007812,9517.8603515625
2020-02-12,81.80000305175781,374.2900085449219,2160.0,210.75999450683594,1518.27001953125,1518.6300048828125,184.7100067138672,380.010009765625,68.13500213623047,153.45799255371094,9613.2001953125
2020-02-13,81.21749877929688,374.8399963378906,2149.8701171875,213.13999938964844,1514.6600341796875,1513.3900146484375,183.7100067138672,381.3999938964844,67.69499969482422,160.8000030517578,9595.7001953125
2020-02-14,81.23750305175781,379.6700134277344,2134.8701171875,214.17999267578125,1520.739990234375,1518.72998046875,185.35000610351562,380.3999938964844,72.44750213623047,160.00599670410156,9623.580078125
2020-02-18,79.75,378.8500061035156,2155.669921875,217.8000030517578,1519.6700439453125,1519.43994140625,187.22999572753906,387.7799987792969,74.14250183105469,171.67999267578125,9629.7998046875
2020-02-19,80.90499877929688,383.2799987792969,2170.219970703125,217.49000549316406,1526.68994140625,1524.8699951171875,187.27999877929688,386.19000244140625,78.67500305175781,183.48399353027344,9718.73046875
2020-02-20,80.07499694824219,378.9599914550781,2153.10009765625,214.5800018310547,1518.1500244140625,1516.989990234375,184.4199981689453,386.0,77.17500305175781,179.8820037841797,9627.830078125
2020-02-21,78.26249694824219,372.95001220703125,2095.969970703125,210.17999267578125,1485.1099853515625,1483.4599609375,178.58999633789062,380.07000732421875,73.51750183105469,180.1999969482422,9446.6904296875
2020-02-24,74.54499816894531,357.4100036621094,2009.2900390625,200.72000122070312,1421.5899658203125,1419.8599853515625,170.88999938964844,368.70001220703125,68.31999969482422,166.75799560546875,9079.6298828125
2020-02-25,72.0199966430664,347.79998779296875,1972.739990234375,196.77000427246094,1388.449951171875,1386.3199462890625,168.07000732421875,360.0899963378906,65.51249694824219,159.98199462890625,8834.8701171875
2020-02-26,73.1624984741211,351.3399963378906,1979.5899658203125,197.1999969482422,1393.1800537109375,1390.469970703125,170.1699981689453,379.239990234375,66.9124984741211,155.75999450683594,8873.759765625
2020-02-27,68.37999725341797,337.5199890136719,1884.300048828125,189.75,1318.0899658203125,1314.949951171875,158.17999267578125,371.7099914550781,63.150001525878906,135.8000030517578,8436.669921875
2020-02-28,68.33999633789062,345.1199951171875,1883.75,192.47000122070312,1339.3299560546875,1339.25,162.00999450683594,369.0299987792969,67.51750183105469,133.59800720214844,8461.830078125
2020-03-02,74.70249938964844,360.2799987792969,1953.949951171875,196.44000244140625,1389.1099853515625,1386.3199462890625,172.7899932861328,381.04998779296875,69.10749816894531,148.7239990234375,8877.98046875
2020-03-03,72.33000183105469,348.3399963378906,1908.989990234375,185.88999938964844,1341.3900146484375,1337.719970703125,164.50999450683594,368.7699890136719,66.47250366210938,149.1020050048828,8594.490234375
2020-03-04,75.68499755859375,363.8500061035156,1975.8299560546875,191.75999450683594,1386.52001953125,1381.5999755859375,170.5500030517578,383.7900085449219,71.12750244140625,149.89999389648438,8949.2802734375
2020-03-05,73.2300033569336,351.0299987792969,1924.030029296875,185.1699981689453,1319.0400390625,1314.760009765625,166.27000427246094,372.7799987792969,68.32250213623047,144.9080047607422,8671.66015625
2020-03-06,72.25749969482422,336.7699890136719,1901.0899658203125,181.08999633789062,1298.4100341796875,1295.739990234375,161.57000732421875,368.9700012207031,66.51000213623047,140.6959991455078,8530.33984375
2020-03-09,66.5425033569336,305.7900085449219,1800.6099853515625,169.5,1215.56005859375,1215.7900390625,150.6199951171875,346.489990234375,61.36000061035156,121.5999984741211,7948.02978515625
2020-03-10,71.33499908447266,332.3800048828125,1891.8199462890625,178.19000244140625,1280.3900146484375,1275.1700439453125,160.9199981689453,364.1300048828125,65.2699966430664,129.0659942626953,8372.26953125
2020-03-11,68.85749816894531,315.2300109863281,1820.8599853515625,170.24000549316406,1215.4100341796875,1210.9000244140625,153.6300048828125,349.9200134277344,61.61750030517578,126.84600067138672,8006.1201171875
2020-03-12,62.057498931884766,285.0,1676.6099853515625,154.47000122070312,1114.9100341796875,1111.550048828125,139.05999755859375,315.25,54.07749938964844,112.11000061035156,7263.64990234375
2020-03-13,69.49250030517578,335.5,1785.0,170.27999877929688,1219.72998046875,1214.27001953125,158.8300018310547,336.29998779296875,60.209999084472656,109.3239974975586,7995.259765625
2020-03-16,60.5525016784668,286.0299987792969,1689.1500244140625,146.00999450683594,1084.3299560546875,1073.0,135.4199981689453,298.8399963378906,49.099998474121094,89.01399993896484,7020.3798828125
2020-03-17,63.21500015258789,311.80999755859375,1807.8399658203125,149.4199981689453,1119.800048828125,1118.06005859375,146.57000732421875,319.75,54.317501068115234,86.04000091552734,7473.9501953125
2020-03-18,61.66749954223633,294.6099853515625,1830.0,146.9600067138672,1096.800048828125,1091.18994140625,140.39999389648438,315.4700012207031,50.70500183105469,72.24400329589844,7175.18017578125
2020-03-19,61.19499969482422,307.510009765625,1880.9300537109375,153.1300048828125,1115.2900390625,1111.6700439453125,142.7100067138672,332.0299987792969,53.24250030517578,85.52799987792969,7288.52001953125
2020-03-20,57.310001373291016,295.3399963378906,1846.0899658203125,149.72999572753906,1072.3199462890625,1068.2099609375,137.35000610351562,332.8299865722656,51.4375,85.50599670410156,6994.2900390625
2020-03-23,56.092498779296875,307.2699890136719,1902.8299560546875,148.10000610351562,1056.6199951171875,1054.1300048828125,135.97999572753906,360.2699890136719,53.17250061035156,86.85800170898438,7006.919921875
2020-03-24,61.720001220703125,310.0,1940.0999755859375,160.97999572753906,1134.4599609375,1130.010009765625,148.33999633789062,357.32000732421875,62.29499816894531,101.0,7553.830078125
2020-03-25,61.380001068115234,305.9100036621094,1885.8399658203125,156.2100067138672,1102.489990234375,1101.6199951171875,146.9199981689453,342.3900146484375,61.404998779296875,107.8499984741211,7469.6201171875
2020-03-26,64.61000061035156,322.6700134277344,1955.489990234375,163.33999633789062,1161.75,1162.9200439453125,156.11000061035156,362.989990234375,64.30999755859375,105.63200378417969,7897.1298828125
2020-03-27,61.935001373291016,305.8299865722656,1900.0999755859375,156.7899932861328,1110.7099609375,1110.260009765625,149.6999969482422,357.1199951171875,63.182498931884766,102.87200164794922,7588.3701171875
2020-03-30,63.70249938964844,318.3900146484375,1963.949951171875,165.9499969482422,1146.8199462890625,1146.31005859375,160.22999572753906,370.9599914550781,66.39749908447266,100.4260025024414,7889.009765625
2020-03-31,63.5724983215332,318.239990234375,1949.719970703125,166.8000030517578,1162.81005859375,1161.949951171875,157.7100067138672,375.5,65.9000015258789,104.80000305175781,7813.5
2020-04-01,60.227500915527344,301.2099914550781,1907.699951171875,159.60000610351562,1105.6199951171875,1102.0999755859375,152.11000061035156,364.0799865722656,60.76750183105469,96.31199645996094,7486.2900390625
2020-04-02,61.23249816894531,303.9599914550781,1918.8299560546875,158.19000244140625,1120.8399658203125,1117.030029296875,155.25999450683594,370.0799865722656,63.86750030517578,90.89399719238281,7635.66015625
2020-04-03,60.352500915527344,293.6099853515625,1906.5899658203125,154.17999267578125,1097.8800048828125,1092.699951171875,153.8300018310547,361.760009765625,60.977500915527344,96.00199890136719,7528.10986328125
2020-04-06,65.61750030517578,319.1300048828125,1997.5899658203125,165.5500030517578,1186.9200439453125,1183.18994140625,165.27000427246094,379.9599914550781,67.0999984741211,103.24800109863281,8081.66015625
2020-04-07,64.85749816894531,308.92999267578125,2011.5999755859375,168.8300018310547,1186.510009765625,1182.56005859375,163.49000549316406,372.2799987792969,64.75749969482422,109.08999633789062,8049.31005859375
2020-04-08,66.51750183105469,317.17999267578125,2043.0,174.27999877929688,1210.280029296875,1207.0,165.1300048828125,371.1199951171875,66.73750305175781,109.76799774169922,8229.5400390625
2020-04-09,66.99749755859375,318.70001220703125,2042.760009765625,175.19000244140625,1211.449951171875,1206.5699462890625,165.13999938964844,370.7200012207031,65.73750305175781,114.5999984741211,8238.5302734375
2020-04-13,68.3125,320.6499938964844,2168.8701171875,174.7899932861328,1217.56005859375,1210.4100341796875,165.50999450683594,396.7200012207031,67.4625015258789,130.19000244140625,8332.740234375
2020-04-14,71.76249694824219,340.7699890136719,2283.320068359375,178.1699981689453,1269.22998046875,1265.22998046875,173.6999969482422,413.54998779296875,70.98750305175781,141.97799682617188,8692.16015625
2020-04-15,71.10749816894531,332.54998779296875,2307.679931640625,176.97000122070312,1262.469970703125,1257.300048828125,171.8800048828125,426.75,70.20999908447266,145.96600341796875,8591.9599609375
2020-04-16,71.67250061035156,342.70001220703125,2408.18994140625,176.25,1263.469970703125,1257.4300537109375,177.0399932861328,439.1700134277344,73.67500305175781,149.04200744628906,8757.830078125
2020-04-17,70.69999694824219,344.1099853515625,2375.0,179.24000549316406,1283.25,1279.0,178.60000610351562,422.9599914550781,73.08000183105469,150.7779998779297,8832.41015625
2020-04-20,69.23249816894531,344.8800048828125,2393.610107421875,178.24000549316406,1266.6099853515625,1261.1500244140625,175.05999755859375,437.489990234375,71.76249694824219,149.27200317382812,8726.509765625
2020-04-21,67.09249877929688,328.989990234375,2328.1201171875,170.8000030517578,1216.3399658203125,1212.1600341796875,167.82000732421875,433.8299865722656,67.37750244140625,137.343994140625,8403.0
2020-04-22,69.0250015258789,336.7699890136719,2363.489990234375,182.27999877929688,1263.2099609375,1258.4100341796875,173.52000427246094,421.4200134277344,71.5374984741211,146.4219970703125,8664.6396484375
2020-04-23,68.75749969482422,335.3699951171875,2399.449951171875,185.1300048828125,1276.31005859375,1271.1700439453125,171.4199981689453,426.70001220703125,71.00250244140625,141.12600708007812,8641.5
2020-04-24,70.74250030517578,344.1000061035156,2410.219970703125,190.07000732421875,1279.31005859375,1276.5999755859375,174.5500030517578,424.989990234375,72.39749908447266,145.02999877929688,8786.599609375
2020-04-27,70.7925033569336,348.5,2376.0,187.5,1275.8800048828125,1270.8599853515625,174.0500030517578,421.3800048828125,74.2699966430664,159.75,8837.66015625
2020-04-28,69.6449966430664,333.45001220703125,2314.080078125,182.91000366210938,1233.6700439453125,1232.5899658203125,169.80999755859375,403.8299865722656,72.83999633789062,153.82400512695312,8677.599609375
2020-04-29,71.93250274658203,349.1700134277344,2372.7099609375,194.19000244140625,1341.47998046875,1342.1800537109375,177.42999267578125,411.8900146484375,74.61499786376953,160.1020050048828,8982.759765625
2020-04-30,73.44999694824219,353.6400146484375,2474.0,204.7100067138672,1348.6600341796875,1346.699951171875,179.2100067138672,419.8500061035156,73.06999969482422,156.37600708007812,9000.509765625
2020-05-01,72.26750183105469,343.8399963378906,2286.0400390625,202.27000427246094,1320.6099853515625,1317.3199462890625,174.57000732421875,415.2699890136719,70.69499969482422,140.26400756835938,8718.1796875
2020-05-04,73.29000091552734,349.1099853515625,2315.989990234375,205.25999450683594,1326.800048828125,1322.9000244140625,178.83999633789062,428.1499938964844,72.82250213623047,152.23800659179688,8834.1103515625
2020-05-05,74.38999938964844,356.1300048828125,2317.800048828125,207.07000732421875,1351.1099853515625,1349.02001953125,180.75999450683594,424.67999267578125,73.43499755859375,153.64199829101562,8930.6201171875
2020-05-06,75.15750122070312,362.5199890136719,2351.260009765625,208.47000122070312,1347.300048828125,1345.4300537109375,182.5399932861328,434.260009765625,74.44750213623047,156.51600646972656,8984.8603515625
2020-05-07,75.93499755859375,366.7799987792969,2367.610107421875,211.25999450683594,1372.56005859375,1369.280029296875,183.60000610351562,436.5299987792969,76.21749877929688,156.00799560546875,9101.8798828125
2020-05-08,77.53250122070312,367.510009765625,2379.610107421875,212.35000610351562,1388.3699951171875,1384.3399658203125,184.67999267578125,435.54998779296875,78.125,163.88400268554688,9220.349609375
2020-05-11,78.75250244140625,371.4200134277344,2409.0,213.17999267578125,1403.260009765625,1403.5899658203125,186.74000549316406,440.5199890136719,80.65499877929688,162.25799560546875,9298.919921875
2020-05-12,77.85250091552734,365.1000061035156,2356.949951171875,210.10000610351562,1375.739990234375,1375.1800537109375,182.50999450683594,431.82000732421875,78.0250015258789,161.8820037841797,9112.4501953125
2020-05-13,76.9124984741211,358.55999755859375,2367.919921875,205.10000610351562,1349.3299560546875,1348.3299560546875,179.75,438.2699890136719,77.80000305175781,158.19200134277344,9000.080078125
2020-05-14,77.38500213623047,355.3900146484375,2388.85009765625,206.80999755859375,1356.1300048828125,1356.8599853515625,180.52999877929688,441.95001220703125,80.30500030517578,160.66600036621094,9094.419921875
2020-05-15,76.92749786376953,365.29998779296875,2409.780029296875,210.8800048828125,1373.18994140625,1373.06005859375,183.16000366210938,454.19000244140625,84.90750122070312,159.83399963378906,9152.6396484375
2020-05-18,78.73999786376953,367.9700012207031,2426.260009765625,213.19000244140625,1383.93994140625,1385.1800537109375,184.91000366210938,452.5799865722656,87.50250244140625,162.7259979248047,9331.9296875
2020-05-19,78.28500366210938,372.20001220703125,2449.330078125,216.8800048828125,1373.4849853515625,1374.4000244140625,183.6300048828125,451.0400085449219,88.05500030517578,161.6020050048828,9298.5400390625
2020-05-20,79.80750274658203,383.6300048828125,2497.93994140625,229.97000122070312,1406.719970703125,1409.1600341796875,185.66000366210938,447.6700134277344,89.69999694824219,163.11199951171875,9485.01953125
2020-05-21,79.2125015258789,382.1700134277344,2446.739990234375,231.38999938964844,1402.800048828125,1406.75,183.42999267578125,436.25,87.75250244140625,165.52000427246094,9377.990234375
2020-05-22,79.72250366210938,385.260009765625,2436.8798828125,234.91000366210938,1410.4200439453125,1413.239990234375,183.50999450683594,429.32000732421875,90.26249694824219,163.37600708007812,9413.990234375
2020-05-26,79.18250274658203,376.6300048828125,2421.860107421875,232.1999969482422,1417.02001953125,1421.3699951171875,181.57000732421875,414.7699890136719,87.17749786376953,163.7740020751953,9389.98046875
2020-05-27,79.52749633789062,375.1700134277344,2410.389892578125,229.13999938964844,1417.8399658203125,1420.280029296875,181.80999755859375,419.8900146484375,85.25250244140625,164.04600524902344,9442.0498046875
2020-05-28,79.5625,379.8299865722656,2401.10009765625,225.4600067138672,1416.72998046875,1418.239990234375,181.39999389648438,413.44000244140625,84.87000274658203,161.16200256347656,9416.7099609375
2020-05-29,79.48500061035156,386.6000061035156,2442.3701171875,225.08999633789062,1428.9200439453125,1433.52001953125,183.25,419.7300109863281,88.75499725341797,167.0,9555.5302734375
2020-06-01,80.4625015258789,389.67999267578125,2471.0400390625,231.91000366210938,1431.8199462890625,1434.8699951171875,182.8300018310547,425.9200134277344,88.0625,179.6199951171875,9598.8896484375
2020-06-02,80.83499908447266,390.44000244140625,2472.409912109375,232.72000122070312,1439.219970703125,1442.31005859375,184.91000366210938,427.30999755859375,88.25250244140625,176.31199645996094,9657.3095703125
2020-06-03,81.27999877929688,389.9200134277344,2478.39990234375,230.16000366210938,1436.3800048828125,1439.25,185.36000061035156,421.9700012207031,87.69499969482422,176.5919952392578,9704.6904296875
2020-06-04,80.58000183105469,385.79998779296875,2460.60009765625,226.2899932861328,1412.1800537109375,1414.300048828125,182.9199981689453,414.3299865722656,87.66500091552734,172.87600708007812,9629.66015625
2020-06-05,82.875,392.8999938964844,2483.0,230.77000427246094,1438.3900146484375,1440.02001953125,187.1999969482422,419.6000061035156,89.19999694824219,177.1320037841797,9824.3896484375
2020-06-08,83.36499786376953,397.7799987792969,2524.06005859375,231.39999389648438,1446.6099853515625,1448.0400390625,188.36000061035156,419.489990234375,88.05000305175781,189.98399353027344,9901.51953125
2020-06-09,85.99749755859375,397.1600036621094,2600.860107421875,238.6699981689453,1456.1600341796875,1452.0799560546875,189.8000030517578,434.04998779296875,90.45999908447266,188.13400268554688,9967.169921875
2020-06-10,88.20999908447266,406.82000732421875,2647.449951171875,236.72999572753906,1465.8499755859375,1464.699951171875,196.83999633789062,434.4800109863281,93.6675033569336,205.00999450683594,10094.259765625
2020-06-11,83.9749984741211,387.6700134277344,2557.9599609375,224.42999267578125,1403.8399658203125,1401.9000244140625,186.27000427246094,425.55999755859375,87.9625015258789,194.5679931640625,9588.48046875
2020-06-12,84.69999694824219,406.5400085449219,2545.02001953125,228.5800018310547,1413.1800537109375,1412.9200439453125,187.74000549316406,418.07000732421875,89.32499694824219,187.05599975585938,9663.7802734375
2020-06-15,85.74749755859375,401.3399963378906,2572.679931640625,232.5,1419.8499755859375,1420.739990234375,188.94000244140625,425.5,91.73750305175781,198.17999267578125,9776.8896484375
2020-06-16,88.0199966430664,411.6700134277344,2615.27001953125,235.64999389648438,1442.719970703125,1446.469970703125,193.57000732421875,436.1300048828125,90.68499755859375,196.42599487304688,9949.3701171875
2020-06-17,87.89749908447266,413.489990234375,2640.97998046875,235.52999877929688,1451.1199951171875,1452.5400390625,194.24000549316406,447.7699890136719,92.36000061035156,198.35800170898438,9982.48046875
2020-06-18,87.93250274658203,420.4599914550781,2653.97998046875,235.94000244140625,1435.9599609375,1434.1199951171875,196.32000732421875,449.8699951171875,92.18000030517578,200.79200744628906,10012.0498046875
2020-06-19,87.43000030517578,428.010009765625,2675.010009765625,238.7899932861328,1431.719970703125,1424.6400146484375,195.14999389648438,453.7200012207031,92.61250305175781,200.17999267578125,10008.6396484375
2020-06-22,89.71749877929688,438.6400146484375,2713.820068359375,239.22000122070312,1451.8599853515625,1450.6600341796875,200.57000732421875,468.0400085449219,95.26750183105469,198.86399841308594,10130.330078125
2020-06-23,91.63249969482422,440.54998779296875,2764.409912109375,242.24000549316406,1464.4100341796875,1463.97998046875,201.91000366210938,466.260009765625,94.5,200.3560028076172,10209.8203125
2020-06-24,90.01499938964844,431.67999267578125,2734.39990234375,234.02000427246094,1431.969970703125,1432.699951171875,197.83999633789062,457.8500061035156,92.3550033569336,192.1699981689453,10002.7001953125
2020-06-25,91.20999908447266,436.95001220703125,2754.580078125,235.67999267578125,1441.3299560546875,1441.0999755859375,200.33999633789062,465.9100036621094,94.9000015258789,197.1959991455078,10101.830078125
2020-06-26,88.40750122070312,426.9200134277344,2692.8701171875,216.0800018310547,1359.9000244140625,1362.5400390625,196.3300018310547,443.3999938964844,91.55000305175781,191.947998046875,9849.3603515625
2020-06-29,90.44499969482422,424.20001220703125,2680.3798828125,220.63999938964844,1394.969970703125,1397.1700439453125,198.44000244140625,447.239990234375,92.0,201.8699951171875,9961.16015625
2020-06-30,91.19999694824219,435.30999755859375,2758.820068359375,227.07000732421875,1413.6099853515625,1418.050048828125,203.50999450683594,455.0400085449219,94.97750091552734,215.96200561523438,10156.849609375
2020-07-01,91.02749633789062,439.80999755859375,2878.699951171875,237.5500030517578,1438.0400390625,1442.0,204.6999969482422,485.6400146484375,95.30000305175781,223.92599487304688,10279.25
2020-07-02,91.02749633789062,442.95001220703125,2890.300048828125,233.4199981689453,1464.699951171875,1469.9300537109375,206.25999450683594,476.8900146484375,96.12249755859375,241.73199462890625,10341.8896484375
2020-07-06,93.4625015258789,452.5899963378906,3057.0400390625,240.27999877929688,1495.699951171875,1499.6500244140625,210.6999969482422,493.80999755859375,98.39250183105469,274.3160095214844,10604.0595703125
2020-07-07,93.17250061035156,449.3599853515625,3000.1201171875,240.86000061035156,1485.1800537109375,1489.9200439453125,208.25,493.1600036621094,98.71749877929688,277.97198486328125,10524.009765625
2020-07-08,95.34249877929688,457.67999267578125,3081.110107421875,243.5800018310547,1496.0,1503.5999755859375,212.8300018310547,502.7799987792969,102.16000366210938,273.1759948730469,10666.7001953125
2020-07-09,95.75250244140625,460.8399963378906,3182.6298828125,244.5,1510.989990234375,1518.6600341796875,214.32000732421875,507.760009765625,105.08999633789062,278.8559875488281,10754.58984375
2020-07-10,95.91999816894531,466.20001220703125,3200.0,245.07000732421875,1541.739990234375,1539.010009765625,213.6699981689453,548.72998046875,104.7925033569336,308.92999267578125,10836.330078125
2020-07-13,95.47750091552734,442.4700012207031,3104.0,239.0,1511.3399658203125,1512.22998046875,207.07000732421875,525.5,100.52249908447266,299.4119873046875,10602.2099609375
2020-07-14,97.05750274658203,433.7799987792969,3084.0,239.72999572753906,1520.5799560546875,1520.8599853515625,208.35000610351562,524.8800048828125,103.7699966430664,303.3599853515625,10689.51953125
2020-07-15,97.7249984741211,433.010009765625,3008.8701171875,240.27999877929688,1513.6400146484375,1516.8800048828125,208.0399932861328,523.260009765625,102.27249908447266,309.2019958496094,10701.6796875
2020-07-16,96.52249908447266,426.2900085449219,2999.89990234375,240.92999267578125,1518.0,1514.9200439453125,203.9199981689453,527.3900146484375,101.34750366210938,300.12799072265625,10626.4599609375
2020-07-17,96.32749938964844,432.4200134277344,2961.969970703125,242.02999877929688,1515.550048828125,1516.8499755859375,202.8800048828125,492.989990234375,102.01499938964844,300.1679992675781,10645.2197265625
2020-07-20,98.35749816894531,455.2699890136719,3196.840087890625,245.4199981689453,1565.719970703125,1563.8399658203125,211.60000610351562,502.4100036621094,105.10749816894531,328.6000061035156,10952.080078125
2020-07-21,97.0,444.2799987792969,3138.2900390625,241.75,1558.4200439453125,1555.9200439453125,208.75,490.1000061035156,103.28500366210938,313.6719970703125,10833.0703125
2020-07-22,97.27249908447266,445.04998779296875,3099.909912109375,239.8699951171875,1568.489990234375,1564.8499755859375,211.75,489.82000732421875,104.38749694824219,318.46600341796875,10870.75
2020-07-23,92.84500122070312,431.739990234375,2986.550048828125,232.60000610351562,1515.6800537109375,1516.75,202.5399932861328,477.5799865722656,101.29750061035156,302.614013671875,10580.58984375
2020-07-24,92.61499786376953,430.30999755859375,3008.909912109375,230.7100067138672,1511.8699951171875,1508.2099609375,201.3000030517578,480.45001220703125,101.94499969482422,283.3999938964844,10483.1298828125
2020-07-27,94.80999755859375,437.1000061035156,3055.2099609375,233.5,1530.199951171875,1529.4300537109375,203.85000610351562,495.6499938964844,104.21499633789062,307.9200134277344,10674.3798828125
2020-07-28,93.25250244140625,432.260009765625,3000.330078125,230.1199951171875,1500.3399658203125,1503.6500244140625,202.02000427246094,488.510009765625,102.15499877929688,295.2980041503906,10532.5
2020-07-29,95.04000091552734,436.29998779296875,3033.530029296875,233.2899932861328,1522.02001953125,1523.510009765625,204.05999755859375,484.4800109863281,104.65499877929688,299.8219909667969,10662.98046875
2020-07-30,96.19000244140625,438.8800048828125,3051.8798828125,234.5,1531.449951171875,1538.3699951171875,203.89999389648438,485.79998779296875,106.13999938964844,297.49798583984375,10715.509765625
2020-07-31,106.26000213623047,444.32000732421875,3164.679931640625,253.6699981689453,1482.9599609375,1487.949951171875,205.00999450683594,488.8800048828125,106.14749908447266,286.1520080566406,10905.8798828125
2020-08-03,108.9375,447.9700012207031,3111.889892578125,251.9600067138672,1474.449951171875,1482.760009765625,216.5399932861328,498.6199951171875,110.10250091552734,297.0,11055.080078125
2020-08-04,109.66500091552734,446.9200134277344,3138.830078125,249.8300018310547,1464.969970703125,1473.300048828125,213.2899932861328,509.6400146484375,112.27749633789062,297.3999938964844,11096.5400390625
2020-08-05,110.0625,449.510009765625,3205.030029296875,249.1199951171875,1473.6099853515625,1479.0899658203125,212.94000244140625,502.1099853515625,112.86750030517578,297.0039978027344,11125.4404296875
2020-08-06,113.90249633789062,464.1099853515625,3225.0,265.2799987792969,1500.0999755859375,1504.949951171875,216.35000610351562,509.0799865722656,113.3550033569336,297.9159851074219,11267.080078125
2020-08-07,111.11250305175781,449.57000732421875,3167.4599609375,268.44000244140625,1494.489990234375,1498.3699951171875,212.47999572753906,494.7300109863281,111.99500274658203,290.5419921875,11139.3896484375
2020-08-10,112.72750091552734,443.2900085449219,3148.159912109375,263.0,1496.0999755859375,1496.8199462890625,208.25,483.3800048828125,111.6500015258789,283.7139892578125,11085.169921875
2020-08-11,109.375,435.2300109863281,3080.669921875,256.1300048828125,1480.3199462890625,1480.5400390625,203.3800048828125,466.92999267578125,108.5,274.87799072265625,10876.080078125
2020-08-12,113.01000213623047,445.3599853515625,3162.239990234375,259.8900146484375,1506.6199951171875,1507.239990234375,209.19000244140625,475.4700012207031,114.40249633789062,310.9519958496094,11157.7197265625
2020-08-13,115.01000213623047,450.0199890136719,3161.02001953125,261.29998779296875,1518.449951171875,1516.6500244140625,208.6999969482422,481.3299865722656,114.43000030517578,324.20001220703125,11178.3701171875
2020-08-14,114.90750122070312,447.6000061035156,3148.02001953125,261.239990234375,1507.72998046875,1504.6300048828125,208.89999389648438,482.67999267578125,115.63999938964844,330.1419982910156,11164.4501953125
2020-08-17,114.60749816894531,451.5799865722656,3182.409912109375,261.1600036621094,1517.97998046875,1516.239990234375,210.27999877929688,482.3500061035156,123.37000274658203,367.12799072265625,11288.5703125
2020-08-18,115.5625,463.510009765625,3312.489990234375,262.3399963378906,1558.5999755859375,1555.780029296875,211.49000549316406,491.8699951171875,122.60749816894531,377.4179992675781,11399.0302734375
2020-08-19,115.7074966430664,462.010009765625,3260.47998046875,262.5899963378906,1547.530029296875,1544.6099853515625,209.6999969482422,484.5299987792969,121.38500213623047,375.70599365234375,11318.6396484375
2020-08-20,118.2750015258789,478.4800109863281,3297.3701171875,269.010009765625,1581.75,1576.25,214.5800018310547,497.8999938964844,121.41000366210938,400.3659973144531,11477.0498046875
2020-08-21,124.37000274658203,473.2200012207031,3284.719970703125,267.010009765625,1580.4200439453125,1575.5699462890625,213.02000427246094,492.30999755859375,126.83499908447266,409.9960021972656,11555.16015625
2020-08-24,125.85749816894531,476.29998779296875,3307.4599609375,271.3900146484375,1588.199951171875,1585.1500244140625,213.69000244140625,488.80999755859375,127.20249938964844,402.8399963378906,11626.169921875
2020-08-25,124.82499694824219,484.42999267578125,3346.489990234375,280.82000732421875,1608.219970703125,1605.8499755859375,216.47000122070312,490.5799865722656,127.5,404.6679992675781,11721.8095703125
2020-08-26,126.52249908447266,528.489990234375,3441.85009765625,303.9100036621094,1652.3800048828125,1644.1300048828125,221.14999389648438,547.530029296875,127.7300033569336,430.6340026855469,11971.9404296875
2020-08-27,125.01000213623047,510.32000732421875,3400.0,293.2200012207031,1634.3299560546875,1628.52001953125,226.5800018310547,526.27001953125,126.28250122070312,447.75,11926.16015625
2020-08-28,124.80750274658203,516.4400024414062,3401.800048828125,293.6600036621094,1644.4100341796875,1639.4300537109375,228.91000366210938,523.8900146484375,131.4774932861328,442.67999267578125,11995.849609375
2020-08-31,129.0399932861328,513.3900146484375,3450.9599609375,293.20001220703125,1634.1800537109375,1629.530029296875,225.52999877929688,529.5599975585938,133.7449951171875,498.32000732421875,12110.7001953125
2020-09-01,134.17999267578125,527.9500122070312,3499.1201171875,295.44000244140625,1660.7099609375,1655.0799560546875,227.27000427246094,556.5499877929688,138.2100067138672,475.04998779296875,12292.8603515625
2020-09-02,131.39999389648438,533.7999877929688,3531.449951171875,302.5,1728.280029296875,1717.3900146484375,231.64999389648438,552.8400268554688,143.46499633789062,447.3699951171875,12420.5400390625
2020-09-03,120.87999725341797,507.79998779296875,3368.0,291.1199951171875,1641.8399658203125,1629.510009765625,217.3000030517578,525.75,130.15499877929688,407.0,11771.3701171875
2020-09-04,120.95999908447266,491.94000244140625,3294.6201171875,282.7300109863281,1591.0400390625,1581.2099609375,214.25,516.0499877929688,126.2249984741211,418.32000732421875,11622.1298828125
2020-09-08,112.81999969482422,462.1300048828125,3149.840087890625,271.1600036621094,1532.3900146484375,1523.5999755859375,202.66000366210938,507.0199890136719,119.12999725341797,330.2099914550781,11068.259765625
2020-09-09,117.31999969482422,479.4599914550781,3268.610107421875,273.7200012207031,1556.9599609375,1547.22998046875,211.2899932861328,500.19000244140625,127.1500015258789,366.2799987792969,11395.849609375
2020-09-10,113.48999786376953,476.260009765625,3175.110107421875,268.0899963378906,1532.02001953125,1526.050048828125,205.3699951171875,480.6700134277344,123.11750030517578,371.3399963378906,11154.1201171875
2020-09-11,112.0,471.3500061035156,3116.219970703125,266.6099853515625,1520.719970703125,1515.760009765625,204.02999877929688,482.0299987792969,121.6449966430664,372.7200012207031,11087.400390625
2020-09-14,115.36000061035156,485.9100036621094,3102.969970703125,266.1499938964844,1519.280029296875,1508.8299560546875,205.41000366210938,476.260009765625,128.72250366210938,419.6199951171875,11277.759765625
2020-09-15,115.54000091552734,497.6700134277344,3156.1298828125,272.4200134277344,1541.43994140625,1535.1199951171875,208.77999877929688,495.989990234375,129.91000366210938,449.760009765625,11438.8701171875
2020-09-16,112.12999725341797,476.0,3078.10009765625,263.5199890136719,1520.9000244140625,1512.0899658203125,205.0500030517578,483.8599853515625,125.1449966430664,441.760009765625,11247.599609375
2020-09-17,110.33999633789062,474.29998779296875,3008.72998046875,254.82000732421875,1495.530029296875,1487.0400390625,202.91000366210938,470.20001220703125,124.63500213623047,423.42999267578125,11080.9501953125
2020-09-18,106.83999633789062,467.54998779296875,2954.909912109375,252.52999877929688,1459.989990234375,1451.0899658203125,200.38999938964844,469.9599914550781,121.89250183105469,442.1499938964844,10936.98046875
2020-09-21,110.08000183105469,475.6400146484375,2960.469970703125,248.14999389648438,1431.1600341796875,1430.1400146484375,202.5399932861328,487.3500061035156,125.17250061035156,449.3900146484375,10980.2197265625
2020-09-22,111.80999755859375,486.7799987792969,3128.989990234375,254.75,1465.4599609375,1459.8199462890625,207.4199981689453,491.1700134277344,126.37750244140625,424.2300109863281,11186.3701171875
2020-09-23,107.12000274658203,470.3900146484375,2999.860107421875,249.02000427246094,1415.2099609375,1409.3900146484375,200.58999633789062,470.6099853515625,121.23750305175781,380.3599853515625,10833.330078125
2020-09-24,108.22000122070312,467.6700134277344,3019.7900390625,249.52999877929688,1428.2900390625,1422.8599853515625,203.19000244140625,473.0799865722656,123.4800033569336,387.7900085449219,10896.4697265625
2020-09-25,112.27999877929688,479.7799987792969,3095.1298828125,254.82000732421875,1444.9599609375,1439.06005859375,207.82000732421875,482.8800048828125,128.7375030517578,407.3399963378906,11151.1298828125
2020-09-28,114.95999908447266,488.510009765625,3174.050048828125,256.82000732421875,1464.52001953125,1458.6600341796875,209.44000244140625,490.6499938964844,130.35000610351562,421.20001220703125,11364.4501953125
2020-09-29,114.08999633789062,489.3299865722656,3144.8798828125,261.7900085449219,1469.3299560546875,1466.02001953125,207.25999450683594,493.4800109863281,132.25750732421875,419.07000732421875,11322.9501953125
2020-09-30,115.80999755859375,490.42999267578125,3148.72998046875,261.8999938964844,1469.5999755859375,1465.5999755859375,210.3300018310547,500.0299987792969,135.30499267578125,429.010009765625,11418.0595703125
2020-10-01,116.79000091552734,499.510009765625,3221.260009765625,266.6300048828125,1490.0899658203125,1487.9000244140625,212.4600067138672,527.510009765625,136.14500427246094,448.1600036621094,11583.2001953125
2020-10-02,113.0199966430664,478.989990234375,3125.0,259.94000244140625,1458.4200439453125,1455.5999755859375,206.19000244140625,503.05999755859375,130.62249755859375,415.0899963378906,11255.6904296875
2020-10-05,116.5,486.4700012207031,3199.199951171875,264.6499938964844,1486.02001953125,1482.8299560546875,210.3800048828125,520.6500244140625,136.4250030517578,425.67999267578125,11509.0595703125
2020-10-06,113.16000366210938,478.9800109863281,3099.9599609375,258.6600036621094,1453.43994140625,1451.02001953125,205.91000366210938,505.8699951171875,137.36500549316406,413.9800109863281,11291.26953125
2020-10-07,115.08000183105469,493.1499938964844,3195.68994140625,258.1199951171875,1460.2900390625,1459.1400146484375,209.8300018310547,534.6599731445312,139.63999938964844,425.29998779296875,11503.1904296875
2020-10-08,114.97000122070312,490.8399963378906,3190.550048828125,263.760009765625,1485.9300537109375,1483.4300537109375,210.5800018310547,531.7899780273438,138.3874969482422,425.9200134277344,11550.9404296875
2020-10-09,116.97000122070312,502.1600036621094,3286.64990234375,264.45001220703125,1515.219970703125,1510.449951171875,215.80999755859375,539.4400024414062,137.62750244140625,434.0,11725.849609375
2020-10-12,124.4000015258789,510.8900146484375,3442.929931640625,275.75,1569.1500244140625,1564.5899658203125,221.39999389648438,539.8099975585938,142.25999450683594,442.29998779296875,12088.1103515625
2020-10-13,121.0999984741211,514.3099975585938,3443.6298828125,276.1400146484375,1571.6800537109375,1567.0699462890625,222.86000061035156,554.0900268554688,142.4824981689453,446.6499938964844,12083.169921875
2020-10-14,121.19000244140625,506.30999755859375,3363.7099609375,271.82000732421875,1568.0799560546875,1563.43994140625,220.86000061035156,541.4500122070312,140.95249938964844,461.29998779296875,11985.3603515625
2020-10-15,120.70999908447266,501.1499938964844,3338.64990234375,266.7200012207031,1559.1300048828125,1555.469970703125,219.66000366210938,541.9400024414062,139.6999969482422,448.8800048828125,11898.5703125
2020-10-16,119.0199966430664,502.82000732421875,3272.7099609375,265.92999267578125,1573.010009765625,1567.699951171875,219.66000366210938,530.7899780273438,138.11500549316406,439.6700134277344,11852.169921875
2020-10-19,115.9800033569336,495.20001220703125,3207.2099609375,261.3999938964844,1534.6099853515625,1529.949951171875,214.22000122070312,530.719970703125,134.9774932861328,430.8299865722656,11634.349609375
2020-10-20,117.51000213623047,494.5799865722656,3217.010009765625,267.55999755859375,1555.9300537109375,1551.0799560546875,214.64999389648438,525.4199829101562,136.4550018310547,421.94000244140625,11677.83984375
2020-10-21,116.87000274658203,495.9599914550781,3184.93994140625,278.7300109863281,1593.31005859375,1585.989990234375,214.8000030517578,489.04998779296875,135.24749755859375,422.6400146484375,11665.3701171875
2020-10-22,115.75,483.6000061035156,3176.39990234375,278.1199951171875,1615.3299560546875,1606.6600341796875,214.88999938964844,485.2300109863281,133.61000061035156,425.7900085449219,11662.91015625
2020-10-23,115.04000091552734,488.5,3204.39990234375,284.7900085449219,1641.0,1632.97998046875,216.22999572753906,488.2799987792969,135.90249633789062,420.6300048828125,11692.5703125
2020-10-26,115.05000305175781,475.20001220703125,3207.0400390625,277.1099853515625,1590.449951171875,1584.2900390625,210.0800018310547,488.239990234375,131.41250610351562,420.2799987792969,11504.51953125
2020-10-27,116.5999984741211,478.55999755859375,3286.330078125,283.2900085449219,1604.260009765625,1598.8800048828125,213.25,488.92999267578125,133.96749877929688,424.67999267578125,11598.9501953125
2020-10-28,111.19999694824219,456.9700012207031,3162.780029296875,267.6700134277344,1516.6199951171875,1510.800048828125,202.67999267578125,486.239990234375,126.2699966430664,406.0199890136719,11142.759765625
2020-10-29,115.31999969482422,461.1099853515625,3211.010009765625,280.8299865722656,1567.239990234375,1556.8800048828125,204.72000122070312,504.2099914550781,130.24000549316406,410.8299865722656,11350.740234375
2020-10-30,108.86000061035156,447.1000061035156,3036.14990234375,263.1099853515625,1621.010009765625,1616.1099853515625,202.47000122070312,475.739990234375,125.33999633789062,388.0400085449219,11052.9501953125
2020-11-02,108.7699966430664,444.94000244140625,3004.47998046875,261.3599853515625,1626.030029296875,1624.3199462890625,202.3300018310547,484.1199951171875,125.80750274658203,400.510009765625,11084.759765625
2020-11-03,110.44000244140625,454.0199890136719,3048.409912109375,265.29998779296875,1650.2099609375,1645.6600341796875,206.42999267578125,487.2200012207031,130.19500732421875,423.8999938964844,11279.91015625
2020-11-04,114.94999694824219,487.2300109863281,3241.159912109375,287.3800048828125,1749.1300048828125,1745.8499755859375,216.38999938964844,496.95001220703125,137.9425048828125,420.9800109863281,11777.01953125
2020-11-05,119.02999877929688,496.4700012207031,3322.0,294.67999267578125,1763.3699951171875,1762.5,223.2899932861328,513.760009765625,141.60000610351562,438.0899963378906,12078.0703125
2020-11-06,118.69000244140625,494.6300048828125,3311.3701171875,293.4100036621094,1761.75,1759.72998046875,223.72000122070312,514.72998046875,145.6199951171875,429.95001220703125,12091.349609375
2020-11-09,116.31999969482422,471.1400146484375,3143.739990234375,278.7699890136719,1763.0,1761.4200439453125,218.38999938964844,470.5,136.3074951171875,421.260009765625,11830.3896484375
2020-11-10,115.97000122070312,452.0,3035.02001953125,272.42999267578125,1740.3900146484375,1737.719970703125,211.00999450683594,480.239990234375,127.69999694824219,410.3599853515625,11624.2900390625
2020-11-11,119.48999786376953,467.75,3137.389892578125,276.4800109863281,1752.7099609375,1747.22998046875,216.5500030517578,490.760009765625,134.17999267578125,417.1300048828125,11892.9296875
2020-11-12,119.20999908447266,462.5799865722656,3110.280029296875,275.0799865722656,1749.8399658203125,1742.8199462890625,215.44000244140625,486.7699890136719,134.5675048828125,411.760009765625,11827.1396484375
2020-11-13,119.26000213623047,469.3399963378906,3128.81005859375,276.95001220703125,1777.02001953125,1772.260009765625,216.50999450683594,482.8399963378906,132.97000122070312,408.5,11937.83984375
2020-11-16,120.30000305175781,460.95001220703125,3131.06005859375,278.9599914550781,1781.3800048828125,1774.030029296875,217.22999572753906,479.1000061035156,135.15249633789062,408.0899963378906,12013.3798828125
2020-11-17,119.38999938964844,467.95001220703125,3135.659912109375,275.0,1770.1500244140625,1761.6600341796875,214.4600067138672,480.6300048828125,134.22250366210938,441.6099853515625,11977.490234375
2020-11-18,118.02999877929688,459.4700012207031,3105.4599609375,271.9700012207031,1746.780029296875,1740.6400146484375,211.0800018310547,481.7900085449219,134.28750610351562,486.6400146484375,11894.7099609375
2020-11-19,118.63999938964844,466.4100036621094,3117.02001953125,272.94000244140625,1763.9200439453125,1758.5699462890625,212.4199981689453,484.6700134277344,134.40249633789062,499.2699890136719,11985.4296875
2020-11-20,117.33999633789062,462.9200134277344,3099.39990234375,269.70001220703125,1742.18994140625,1736.3800048828125,210.38999938964844,488.239990234375,130.87750244140625,489.6099853515625,11906.4404296875
2020-11-23,113.8499984741211,460.6099853515625,3098.389892578125,268.42999267578125,1734.8599853515625,1727.56005859375,210.11000061035156,476.6199951171875,131.39999389648438,521.8499755859375,11905.9404296875
2020-11-24,115.16999816894531,462.70001220703125,3118.06005859375,276.9200134277344,1768.8800048828125,1763.9000244140625,213.86000061035156,482.8800048828125,129.57749938964844,555.3800048828125,12079.8095703125
2020-11-25,116.02999877929688,470.0799865722656,3185.070068359375,275.5899963378906,1771.4300537109375,1764.1300048828125,213.8699951171875,485.0,132.34750366210938,574.0,12152.2197265625
2020-11-27,116.58999633789062,477.0299987792969,3195.340087890625,277.80999755859375,1793.18994140625,1787.02001953125,215.22999572753906,491.3599853515625,132.6125030517578,585.760009765625,12258.2099609375
2020-11-30,119.05000305175781,478.4700012207031,3168.0400390625,276.9700012207031,1760.739990234375,1754.4000244140625,214.07000732421875,490.70001220703125,134.01499938964844,567.5999755859375,12268.3203125
2020-12-01,122.72000122070312,479.1499938964844,3220.080078125,286.54998779296875,1798.0999755859375,1795.3599853515625,216.2100067138672,504.5799865722656,133.89999389648438,584.760009765625,12455.330078125
2020-12-02,123.08000183105469,481.260009765625,3203.530029296875,287.5199890136719,1827.949951171875,1824.969970703125,215.3699951171875,503.3800048828125,135.44500732421875,568.8200073242188,12456.41015625
2020-12-03,122.94000244140625,484.2799987792969,3186.72998046875,281.8500061035156,1826.77001953125,1821.8399658203125,214.24000549316406,497.5199890136719,133.9600067138672,593.3800048828125,12467.1298828125
2020-12-04,122.25,486.0,3162.580078125,279.70001220703125,1827.989990234375,1823.760009765625,214.36000061035156,498.30999755859375,135.58250427246094,599.0399780273438,12528.48046875
2020-12-07,123.75,492.25,3158.0,285.5799865722656,1819.47998046875,1817.030029296875,214.2899932861328,515.780029296875,136.0675048828125,641.760009765625,12596.4697265625
2020-12-08,124.37999725341797,495.2799987792969,3177.2900390625,283.3999938964844,1818.550048828125,1811.3299560546875,216.00999450683594,512.6599731445312,133.5,649.8800048828125,12635.7197265625
2020-12-09,121.77999877929688,483.739990234375,3104.199951171875,277.9200134277344,1784.1300048828125,1777.8599853515625,211.8000030517578,493.6000061035156,129.3074951171875,604.47998046875,12364.6396484375
2020-12-10,123.23999786376953,476.8699951171875,3101.489990234375,277.1199951171875,1775.3299560546875,1767.6500244140625,210.52000427246094,501.0899963378906,129.72250366210938,627.0700073242188,12401.740234375
2020-12-11,122.41000366210938,475.9100036621094,3116.419921875,273.54998779296875,1781.77001953125,1774.800048828125,213.25999450683594,503.2200012207031,130.13250732421875,609.989990234375,12375.41015625
2020-12-14,121.77999877929688,486.4200134277344,3156.969970703125,274.19000244140625,1760.06005859375,1752.260009765625,214.1999969482422,522.4199829101562,133.08749389648438,639.8300170898438,12462.2099609375
2020-12-15,127.87999725341797,482.6400146484375,3165.1201171875,275.54998779296875,1767.77001953125,1761.0799560546875,214.1300048828125,519.780029296875,133.60499572753906,633.25,12595.919921875
2020-12-16,127.80999755859375,489.8999938964844,3240.9599609375,275.6700134277344,1763.0,1757.18994140625,219.27999877929688,524.8300170898438,132.4250030517578,622.77001953125,12668.16015625
2020-12-17,128.6999969482422,495.3599853515625,3236.080078125,274.4800109863281,1747.9000244140625,1740.510009765625,219.4199981689453,532.9000244140625,133.41250610351562,655.9000244140625,12752.0595703125
2020-12-18,126.66000366210938,502.95001220703125,3201.64990234375,276.3999938964844,1731.010009765625,1726.219970703125,218.58999633789062,534.4500122070312,132.72000122070312,695.0,12738.1796875
2020-12-21,128.22999572753906,498.3900146484375,3206.179931640625,272.7900085449219,1739.3699951171875,1734.56005859375,222.58999633789062,528.9099731445312,133.32249450683594,649.8599853515625,12690.259765625
2020-12-22,131.8800048828125,504.1700134277344,3206.52001953125,267.0899963378906,1723.5,1720.219970703125,223.94000244140625,527.3300170898438,132.78250122070312,640.3400268554688,12717.5595703125
2020-12-23,130.9600067138672,496.9100036621094,3185.27001953125,268.1099853515625,1732.3800048828125,1728.22998046875,221.02000427246094,514.47998046875,130.09249877929688,645.97998046875,12653.1396484375
2020-12-24,131.97000122070312,499.8599853515625,3172.68994140625,267.3999938964844,1738.8499755859375,1734.1600341796875,222.75,513.969970703125,129.9375,661.77001953125,12711.009765625
2020-12-28,136.69000244140625,498.95001220703125,3283.9599609375,277.0,1776.0899658203125,1773.9599609375,224.9600067138672,519.1199951171875,129.0,663.6900024414062,12838.8603515625
2020-12-29,134.8699951171875,502.1099853515625,3322.0,276.7799987792969,1758.719970703125,1757.760009765625,224.14999389648438,530.8699951171875,129.4324951171875,665.989990234375,12843.490234375
2020-12-30,133.72000122070312,497.45001220703125,3285.85009765625,271.8699951171875,1739.52001953125,1736.25,221.67999267578125,524.5900268554688,131.45750427246094,694.780029296875,12845.3603515625
2020-12-31,132.69000244140625,500.1199951171875,3256.929931640625,273.1600036621094,1751.8800048828125,1752.6400146484375,222.4199981689453,540.72998046875,130.5500030517578,705.6699829101562,12888.2802734375
2021-01-04,129.41000366210938,485.3399963378906,3186.6298828125,268.94000244140625,1728.239990234375,1726.1300048828125,217.69000244140625,522.8599853515625,131.13499450683594,729.77001953125,12694.66015625
2021-01-05,131.00999450683594,485.69000244140625,3218.510009765625,270.9700012207031,1740.9200439453125,1740.050048828125,217.89999389648438,520.7999877929688,134.04750061035156,735.1099853515625,12802.3798828125
2021-01-06,126.5999984741211,466.30999755859375,3138.3798828125,263.30999755859375,1735.2900390625,1722.8800048828125,212.25,500.489990234375,126.1449966430664,755.97998046875,12623.349609375
2021-01-07,130.9199981689453,477.739990234375,3162.159912109375,268.739990234375,1787.25,1774.3399658203125,218.2899932861328,508.8900146484375,133.44000244140625,816.0399780273438,12939.5703125
2021-01-08,132.0500030517578,485.1000061035156,3182.699951171875,267.57000732421875,1807.2099609375,1797.8299560546875,219.6199951171875,510.3999938964844,132.7675018310547,880.02001953125,13105.2001953125
2021-01-11,128.97999572753906,474.239990234375,3114.2099609375,256.8399963378906,1766.719970703125,1756.2900390625,217.49000549316406,499.1000061035156,136.21499633789062,811.1900024414062,12902.490234375
2021-01-12,128.8000030517578,471.6499938964844,3120.830078125,251.08999633789062,1746.550048828125,1737.4300537109375,214.92999267578125,494.25,134.84750366210938,849.4400024414062,12892.08984375
2021-01-13,130.88999938964844,472.04998779296875,3165.889892578125,251.63999938964844,1754.4000244140625,1747.25,216.33999633789062,507.7900085449219,135.3175048828125,854.4099731445312,12973.6298828125
2021-01-14,128.91000366210938,463.2699890136719,3127.469970703125,245.63999938964844,1740.1800537109375,1730.9200439453125,213.02000427246094,500.8599853515625,132.00250244140625,845.0,12898.6904296875
2021-01-15,127.13999938964844,458.0799865722656,3104.25,251.36000061035156,1736.18994140625,1727.6199951171875,212.64999389648438,497.9800109863281,128.59500122070312,826.1599731445312,12803.9296875
2021-01-19,127.83000183105469,456.5,3120.760009765625,261.1000061035156,1790.8599853515625,1784.469970703125,216.44000244140625,501.7699890136719,130.25250244140625,844.5499877929688,12996.5400390625
2021-01-20,132.02999877929688,469.7300109863281,3263.3798828125,267.4800109863281,1886.9000244140625,1880.0699462890625,224.33999633789062,586.3400268554688,133.65750122070312,850.4500122070312,13296.4501953125
2021-01-21,136.8699951171875,472.0199890136719,3306.989990234375,272.8699951171875,1891.25,1884.1500244140625,224.97000122070312,579.8400268554688,138.6750030517578,844.989990234375,13404.990234375
2021-01-22,139.07000732421875,472.44000244140625,3292.22998046875,274.5,1901.050048828125,1892.56005859375,225.9499969482422,565.1699829101562,137.125,846.6400146484375,13366.400390625
2021-01-25,142.9199981689453,473.44000244140625,3294.0,278.010009765625,1899.4000244140625,1894.280029296875,229.52999877929688,556.780029296875,136.53250122070312,880.7999877929688,13483.2900390625
2021-01-26,143.16000366210938,476.2799987792969,3326.1298828125,282.04998779296875,1917.239990234375,1907.949951171875,232.3300018310547,561.9299926757812,134.3524932861328,883.0900268554688,13490.1904296875
2021-01-27,142.05999755859375,460.0,3232.580078125,272.1400146484375,1830.7900390625,1818.93994140625,232.89999389648438,523.280029296875,129.17750549316406,864.1599731445312,13112.650390625
2021-01-28,137.08999633789062,465.6700134277344,3237.6201171875,265.0,1863.1099853515625,1853.199951171875,238.92999267578125,538.5999755859375,130.50999450683594,835.4299926757812,13201.5302734375
2021-01-29,131.9600067138672,458.7699890136719,3206.199951171875,258.3299865722656,1835.739990234375,1827.3599853515625,231.9600067138672,532.3900146484375,129.8975067138672,793.530029296875,12925.3798828125
2021-02-01,134.13999938964844,470.0,3342.8798828125,262.010009765625,1901.3499755859375,1893.0699462890625,239.64999389648438,539.0399780273438,132.3699951171875,839.8099975585938,13248.900390625
2021-02-02,134.99000549316406,484.92999267578125,3380.0,267.0799865722656,1927.510009765625,1919.1199951171875,239.50999450683594,548.1599731445312,135.5675048828125,872.7899780273438,13456.1201171875
2021-02-03,133.94000244140625,481.9200134277344,3312.530029296875,266.6499938964844,2070.070068359375,2058.8798828125,243.0,539.4500122070312,135.30499267578125,854.6900024414062,13402.3701171875
2021-02-04,137.38999938964844,489.3800048828125,3331.0,266.489990234375,2062.3701171875,2053.6298828125,242.00999450683594,552.1599731445312,136.6425018310547,849.989990234375,13560.8896484375
2021-02-05,136.75999450683594,492.1199951171875,3352.14990234375,268.1000061035156,2098.0,2088.830078125,242.1999969482422,550.7899780273438,135.91000366210938,852.22998046875,13603.9599609375
2021-02-08,136.91000366210938,493.760009765625,3322.93994140625,266.5799865722656,2092.909912109375,2084.52001953125,242.47000122070312,547.9199829101562,144.3874969482422,863.4199829101562,13695.01953125
2021-02-09,136.00999450683594,496.04998779296875,3305.0,269.45001220703125,2083.510009765625,2075.389892578125,243.77000427246094,559.0700073242188,142.63250732421875,849.4600219726562,13687.080078125
2021-02-10,135.38999938964844,492.6700134277344,3286.580078125,271.8699951171875,2095.3798828125,2086.47998046875,242.82000732421875,563.5900268554688,147.6425018310547,804.8200073242188,13655.26953125
2021-02-11,135.1300048828125,496.6199951171875,3262.1298828125,270.3900146484375,2095.889892578125,2088.75,244.49000549316406,557.5900268554688,152.50750732421875,811.6599731445312,13734.349609375
2021-02-12,135.3699951171875,498.8399963378906,3277.7099609375,270.5,2104.110107421875,2095.030029296875,244.99000549316406,556.52001953125,149.6125030517578,816.1199951171875,13807.7001953125
2021-02-16,133.19000244140625,501.6400146484375,3268.949951171875,273.9700012207031,2121.89990234375,2110.699951171875,243.6999969482422,557.280029296875,153.30250549316406,796.219970703125,13773.76953125
2021-02-17,130.83999633789062,491.2300109863281,3308.639892578125,273.57000732421875,2128.31005859375,2118.6201171875,244.1999969482422,551.3400268554688,149.05999755859375,798.1500244140625,13699.7099609375
2021-02-18,129.7100067138672,488.3699951171875,3328.22998046875,269.3900146484375,2117.199951171875,2105.81005859375,243.7899932861328,548.219970703125,148.2899932861328,787.3800048828125,13637.509765625
2021-02-19,129.8699951171875,479.1199951171875,3249.89990234375,261.55999755859375,2101.139892578125,2088.81005859375,240.97000122070312,540.219970703125,149.26499938964844,781.2999877929688,13580.7802734375
2021-02-22,126.0,467.3299865722656,3180.739990234375,260.3299865722656,2064.8798828125,2054.260009765625,234.50999450683594,533.780029296875,143.5574951171875,714.5,13223.740234375
2021-02-23,125.86000061035156,467.79998779296875,3194.5,265.8599853515625,2070.860107421875,2060.1201171875,233.27000427246094,546.1500244140625,141.4199981689453,698.8400268554688,13194.7099609375
2021-02-24,125.3499984741211,476.6199951171875,3159.530029296875,264.30999755859375,2095.169921875,2083.81005859375,234.5500030517578,553.4099731445312,144.99000549316406,742.02001953125,13302.1904296875
2021-02-25,120.98999786376953,459.1600036621094,3057.159912109375,254.69000244140625,2031.3599853515625,2015.949951171875,228.99000549316406,546.7000122070312,133.0749969482422,682.219970703125,12828.3095703125
2021-02-26,121.26000213623047,459.6700134277344,3092.929931640625,257.6199951171875,2036.8599853515625,2021.9100341796875,232.3800048828125,538.8499755859375,137.14500427246094,675.5,12909.4404296875
2021-03-01,127.79000091552734,469.57000732421875,3146.139892578125,264.9100036621094,2081.510009765625,2069.659912109375,236.94000244140625,550.6400146484375,138.41749572753906,718.4299926757812,13282.9501953125
2021-03-02,125.12000274658203,466.5899963378906,3094.530029296875,259.0,2075.840087890625,2064.47998046875,233.8699951171875,547.8200073242188,134.0625,686.4400024414062,13059.9501953125
2021-03-03,122.05999755859375,448.45001220703125,3005.0,255.41000366210938,2026.7099609375,2011.4100341796875,227.55999755859375,520.7000122070312,128.04750061035156,653.2000122070312,12683.330078125
2021-03-04,120.12999725341797,439.05999755859375,2977.570068359375,257.6400146484375,2049.090087890625,2033.9300537109375,226.72999572753906,511.2900085449219,123.70249938964844,621.4400024414062,12464.0
2021-03-05,121.41999816894531,440.8299865722656,3000.4599609375,264.2799987792969,2108.5400390625,2097.070068359375,231.60000610351562,516.3900146484375,124.61499786376953,597.9500122070312,12668.509765625
2021-03-08,116.36000061035156,421.20001220703125,2951.949951171875,255.30999755859375,2024.1700439453125,2007.5,227.38999938964844,493.3299865722656,115.93250274658203,563.0,12299.080078125
2021-03-09,121.08999633789062,439.17999267578125,3062.85009765625,265.739990234375,2052.699951171875,2040.3599853515625,233.77999877929688,506.44000244140625,125.20249938964844,673.5800170898438,12794.490234375
2021-03-10,119.9800033569336,437.010009765625,3057.639892578125,264.8999938964844,2055.030029296875,2036.18994140625,232.4199981689453,504.5400085449219,124.68250274658203,668.0599975585938,12752.0703125
2021-03-11,121.95999908447266,451.05999755859375,3113.590087890625,273.8800048828125,2114.77001953125,2100.5400390625,237.1300048828125,523.0599975585938,129.93499755859375,699.5999755859375,13052.900390625
2021-03-12,121.02999877929688,444.29998779296875,3089.489990234375,268.3999938964844,2061.919921875,2050.0,235.75,518.02001953125,128.55999755859375,693.72998046875,12937.2900390625
2021-03-15,123.98999786376953,447.5899963378906,3081.679931640625,273.75,2066.489990234375,2054.43994140625,234.80999755859375,520.25,131.91250610351562,707.9400024414062,13082.5400390625
2021-03-16,125.56999969482422,450.5400085449219,3091.860107421875,279.2799987792969,2092.52001953125,2083.889892578125,237.7100067138672,524.030029296875,132.91250610351562,676.8800048828125,13152.2802734375
2021-03-17,124.76000213623047,451.010009765625,3135.72998046875,284.010009765625,2091.080078125,2082.219970703125,237.0399932861328,524.4400024414062,133.41250610351562,701.8099975585938,13202.3798828125
2021-03-18,120.52999877929688,439.17999267578125,3027.989990234375,278.6199951171875,2036.219970703125,2021.3399658203125,230.72000122070312,504.7900085449219,127.2249984741211,653.1599731445312,12789.1396484375
2021-03-19,119.98999786376953,441.5,3074.9599609375,290.1099853515625,2043.199951171875,2026.9599609375,230.35000610351562,512.1799926757812,128.45750427246094,654.8699951171875,12866.990234375
2021-03-22,123.38999938964844,452.4100036621094,3110.8701171875,293.5400085449219,2038.5899658203125,2030.68994140625,235.99000549316406,523.1099853515625,131.8625030517578,670.0,13086.509765625
2021-03-23,122.54000091552734,460.20001220703125,3137.5,290.6300048828125,2052.9599609375,2041.3299560546875,237.5800018310547,535.0900268554688,130.70750427246094,662.1599731445312,13017.7900390625
2021-03-24,120.08999633789062,451.510009765625,3087.070068359375,282.1400146484375,2045.06005859375,2032.530029296875,235.4600067138672,520.8099975585938,126.43000030517578,630.27001953125,12798.8798828125
2021-03-25,120.58999633789062,450.989990234375,3046.260009765625,278.739990234375,2044.3599853515625,2032.4599609375,232.33999633789062,502.8599853515625,125.35250091552734,640.3900146484375,12780.509765625
2021-03-26,121.20999908447266,469.0899963378906,3052.030029296875,283.0199890136719,2035.550048828125,2024.72998046875,236.47999572753906,508.04998779296875,128.3925018310547,618.7100219726562,12979.1201171875
2021-03-29,121.38999938964844,469.32000732421875,3075.72998046875,290.82000732421875,2055.949951171875,2045.7900390625,235.24000549316406,513.9500122070312,129.4824981689453,611.2899780273438,12965.740234375
2021-03-30,119.9000015258789,465.4599914550781,3055.2900390625,288.0,2055.5400390625,2046.469970703125,231.85000610351562,513.3900146484375,128.71749877929688,635.6199951171875,12896.5302734375
2021-03-31,122.1500015258789,475.3699951171875,3094.080078125,294.5299987792969,2068.6298828125,2062.52001953125,235.77000427246094,521.6599731445312,133.4824981689453,667.9299926757812,13091.4404296875
2021-04-01,123.0,483.3399963378906,3161.0,298.6600036621094,2137.75,2129.780029296875,242.35000610351562,539.4199829101562,138.11749267578125,661.75,13329.51953125
2021-04-05,125.9000015258789,491.6199951171875,3226.72998046875,308.9100036621094,2225.550048828125,2218.9599609375,249.07000732421875,540.6699829101562,139.875,691.0499877929688,13598.16015625
2021-04-06,126.20999908447266,491.3399963378906,3223.820068359375,306.260009765625,2224.75,2209.260009765625,247.86000061035156,544.530029296875,138.61500549316406,691.6199951171875,13578.4599609375
2021-04-07,127.9000015258789,493.4100036621094,3279.389892578125,313.0899963378906,2249.679931640625,2239.030029296875,249.89999389648438,546.989990234375,141.43499755859375,670.969970703125,13616.7001953125
2021-04-08,130.36000061035156,499.8399963378906,3299.300048828125,313.0199890136719,2265.43994140625,2250.429931640625,253.25,554.5800170898438,143.1699981689453,683.7999877929688,13758.509765625
2021-04-09,133.0,504.0400085449219,3372.199951171875,312.4599914550781,2285.8798828125,2270.669921875,255.85000610351562,555.3099975585938,144.0,677.02001953125,13845.0595703125
2021-04-12,131.24000549316406,506.0299987792969,3379.389892578125,311.5400085449219,2254.7900390625,2244.6201171875,255.91000366210938,552.780029296875,152.08999633789062,701.97998046875,13819.349609375
2021-04-13,134.42999267578125,514.8599853515625,3400.0,309.760009765625,2267.27001953125,2254.429931640625,258.489990234375,553.72998046875,156.7949981689453,762.3200073242188,13986.490234375
2021-04-14,132.02999877929688,510.6300048828125,3333.0,302.82000732421875,2254.840087890625,2241.909912109375,255.58999633789062,540.02001953125,152.77000427246094,732.22998046875,13803.91015625
2021-04-15,134.5,523.25,3379.090087890625,307.82000732421875,2296.659912109375,2285.25,259.5,549.219970703125,161.37249755859375,738.8499755859375,14026.1904296875
2021-04-16,134.16000366210938,525.0800170898438,3399.43994140625,306.17999267578125,2297.760009765625,2282.75,260.739990234375,546.5399780273438,159.125,739.780029296875,14041.91015625
2021-04-19,134.83999633789062,516.1699829101562,3372.010009765625,302.239990234375,2302.39990234375,2289.760009765625,258.739990234375,554.4400024414062,153.61749267578125,714.6300048828125,13907.669921875
2021-04-20,133.11000061035156,514.2100219726562,3334.68994140625,302.6499938964844,2293.6298828125,2279.010009765625,258.260009765625,549.5700073242188,151.71249389648438,718.989990234375,13809.2998046875
2021-04-21,133.5,512.3400268554688,3362.02001953125,301.4700012207031,2293.2900390625,2278.35009765625,260.5799865722656,508.8999938964844,153.60499572753906,744.1199951171875,13935.150390625
2021-04-22,131.94000244140625,507.2900085449219,3309.0400390625,296.5199890136719,2267.919921875,2252.52001953125,257.1700134277344,508.7799987792969,148.50250244140625,719.6900024414062,13762.3603515625
2021-04-23,134.32000732421875,515.8400268554688,3340.8798828125,301.1300048828125,2315.300048828125,2299.929931640625,261.1499938964844,505.54998779296875,152.65249633789062,729.4000244140625,13941.4404296875
2021-04-26,134.72000122070312,515.7000122070312,3409.0,303.0400085449219,2326.739990234375,2309.929931640625,261.54998779296875,510.29998779296875,154.77999877929688,738.2000122070312,14026.16015625
2021-04-27,134.38999938964844,517.3200073242188,3417.429931640625,303.57000732421875,2307.1201171875,2290.97998046875,261.9700012207031,505.54998779296875,153.8175048828125,704.739990234375,13960.2802734375
2021-04-28,133.5800018310547,515.47998046875,3458.5,307.1000061035156,2379.909912109375,2359.0400390625,254.55999755859375,506.5199890136719,152.7675018310547,694.4000244140625,13901.6201171875
2021-04-29,133.47999572753906,516.0900268554688,3471.31005859375,329.510009765625,2429.889892578125,2392.760009765625,252.50999450683594,509.0,153.24749755859375,677.0,13970.2001953125
2021-04-30,131.4600067138672,508.3399963378906,3467.419921875,325.0799865722656,2410.1201171875,2353.5,252.17999267578125,513.469970703125,150.09500122070312,709.4400024414062,13860.759765625
2021-05-03,132.5399932861328,503.4599914550781,3386.489990234375,322.5799865722656,2395.169921875,2343.080078125,251.86000061035156,509.1099853515625,148.36749267578125,684.9000244140625,13799.7197265625
2021-05-04,127.8499984741211,490.70001220703125,3311.8701171875,318.3599853515625,2354.25,2306.830078125,247.7899932861328,503.17999267578125,143.5124969482422,673.5999755859375,13544.669921875
2021-05-05,128.10000610351562,486.69000244140625,3270.5400390625,315.0199890136719,2356.739990234375,2314.77001953125,246.47000122070312,496.0799865722656,144.5850067138672,670.9400024414062,13503.3701171875
2021-05-06,129.74000549316406,483.6099853515625,3306.3701171875,320.0199890136719,2381.35009765625,2337.35009765625,249.72999572753906,499.54998779296875,145.22999572753906,663.5399780273438,13613.73046875
2021-05-07,130.2100067138672,488.7300109863281,3291.610107421875,319.0799865722656,2398.68994140625,2351.929931640625,252.4600067138672,503.8399963378906,148.12249755859375,672.3699951171875,13719.6298828125
2021-05-10,126.8499984741211,479.3800048828125,3190.489990234375,305.9700012207031,2341.659912109375,2291.75,247.17999267578125,486.69000244140625,142.65750122070312,629.0399780273438,13359.080078125
2021-05-11,125.91000366210938,485.19000244140625,3223.909912109375,306.5299987792969,2308.760009765625,2270.06005859375,246.22999572753906,495.0799865722656,143.0625,617.2000122070312,13351.26953125
2021-05-12,122.7699966430664,472.0899963378906,3151.93994140625,302.54998779296875,2239.080078125,2200.25,239.0,484.9800109863281,137.5850067138672,589.8900146484375,13001.6298828125
2021-05-13,124.97000122070312,474.1600036621094,3161.469970703125,305.260009765625,2261.969970703125,2229.0400390625,243.02999877929688,486.6600036621094,136.65249633789062,571.6900024414062,13109.150390625
2021-05-14,127.44999694824219,486.55999755859375,3222.89990234375,315.94000244140625,2316.159912109375,2278.3798828125,248.14999389648438,493.3699951171875,142.42999267578125,589.739990234375,13393.1201171875
2021-05-17,126.2699966430664,482.739990234375,3270.389892578125,315.4599914550781,2321.409912109375,2288.919921875,245.17999267578125,488.94000244140625,141.65499877929688,576.8300170898438,13312.91015625
2021-05-18,124.8499984741211,480.6199951171875,3232.280029296875,309.9599914550781,2303.429931640625,2262.469970703125,243.0800018310547,486.2799987792969,140.15750122070312,577.8699951171875,13217.6796875
2021-05-19,124.69000244140625,480.4700012207031,3231.800048828125,313.5899963378906,2308.7099609375,2271.5,243.1199951171875,487.70001220703125,140.65750122070312,563.4600219726562,13237.91015625
2021-05-20,127.30999755859375,491.6700134277344,3247.679931640625,318.6099853515625,2356.090087890625,2306.949951171875,246.47999572753906,501.6700134277344,146.125,586.780029296875,13494.08984375
2021-05-21,125.43000030517578,488.07000732421875,3203.080078125,316.2300109863281,2345.10009765625,2294.1298828125,245.1699981689453,497.8900146484375,149.91749572753906,580.8800048828125,13411.740234375
2021-05-24,127.0999984741211,497.8299865722656,3244.989990234375,324.6300048828125,2406.669921875,2361.0400390625,250.77999877929688,502.8999938964844,156.1199951171875,606.4400024414062,13641.75
2021-05-25,126.9000015258789,505.0799865722656,3259.050048828125,327.7900085449219,2409.070068359375,2362.8701171875,251.72000122070312,501.3399963378906,156.4774932861328,604.6900024414062,13657.73046875
2021-05-26,126.8499984741211,506.9800109863281,3265.159912109375,327.6600036621094,2433.530029296875,2380.31005859375,251.49000549316406,502.3599853515625,157.0,619.1300048828125,13702.740234375
2021-05-27,125.27999877929688,498.2799987792969,3230.110107421875,332.75,2402.510009765625,2362.679931640625,249.30999755859375,503.8599853515625,154.8800048828125,630.8499755859375,13657.849609375
2021-05-28,124.61000061035156,504.5799865722656,3223.070068359375,328.7300109863281,2411.56005859375,2356.85009765625,249.67999267578125,502.80999755859375,162.44500732421875,625.219970703125,13686.509765625
2021-06-01,124.27999877929688,495.9100036621094,3218.64990234375,329.1300048828125,2429.81005859375,2381.179931640625,247.39999389648438,499.0799865722656,162.64500427246094,623.9000244140625,13654.58984375
2021-06-02,125.05999755859375,495.7699890136719,3233.989990234375,329.1499938964844,2421.280029296875,2370.590087890625,247.3000030517578,499.239990234375,167.78250122070312,605.1199951171875,13675.7900390625
2021-06-03,123.54000091552734,493.1400146484375,3187.010009765625,326.0400085449219,2404.610107421875,2347.580078125,245.7100067138672,489.42999267578125,169.69749450683594,572.8400268554688,13529.6796875
2021-06-04,125.88999938964844,504.5,3206.219970703125,330.3500061035156,2451.760009765625,2393.570068359375,250.7899932861328,494.739990234375,175.78250122070312,599.0499877929688,13770.76953125
2021-06-07,125.9000015258789,509.4700012207031,3198.010009765625,336.5799865722656,2466.090087890625,2402.300048828125,253.80999755859375,494.6600036621094,176.19000244140625,605.1300048828125,13802.8896484375
2021-06-08,126.73999786376953,509.20001220703125,3264.110107421875,333.67999267578125,2482.85009765625,2398.43994140625,252.57000732421875,492.3900146484375,174.57000732421875,603.5900268554688,13810.8603515625
2021-06-09,127.12999725341797,514.6799926757812,3281.14990234375,330.25,2491.39990234375,2407.93994140625,253.58999633789062,485.80999755859375,173.58250427246094,598.780029296875,13814.9404296875
2021-06-10,126.11000061035156,535.52001953125,3349.64990234375,332.4599914550781,2521.60009765625,2435.1298828125,257.239990234375,487.2699890136719,174.25,610.1199951171875,13960.349609375
2021-06-11,127.3499984741211,541.260009765625,3346.830078125,331.260009765625,2513.929931640625,2430.199951171875,257.8900146484375,488.7699890136719,178.25250244140625,609.8900146484375,13998.2998046875
2021-06-14,130.47999572753906,556.9500122070312,3383.8701171875,336.7699890136719,2527.0400390625,2448.909912109375,259.8900146484375,499.8900146484375,180.1875,617.6900024414062,14128.2001953125
2021-06-15,129.63999938964844,548.4600219726562,3383.1298828125,336.75,2520.659912109375,2428.389892578125,258.3599853515625,491.8999938964844,177.88499450683594,599.3599853515625,14030.41015625
2021-06-16,130.14999389648438,543.3300170898438,3415.25,331.0799865722656,2513.929931640625,2415.449951171875,257.3800048828125,492.4100036621094,178.1024932861328,604.8699951171875,13983.009765625
2021-06-17,131.7899932861328,551.3599853515625,3489.239990234375,336.510009765625,2527.419921875,2434.8701171875,260.8999938964844,498.3399963378906,186.57249450683594,616.5999755859375,14163.8095703125
2021-06-18,130.4600067138672,565.5900268554688,3486.89990234375,329.6600036621094,2511.35009765625,2402.219970703125,259.42999267578125,500.7699890136719,186.3874969482422,623.3099975585938,14049.580078125
2021-06-21,132.3000030517578,567.3499755859375,3453.9599609375,332.2900085449219,2529.10009765625,2436.25,262.6300048828125,497.0,184.2725067138672,620.8300170898438,14137.23046875
2021-06-22,133.97999572753906,575.739990234375,3505.43994140625,339.0299987792969,2539.989990234375,2446.610107421875,265.510009765625,508.82000732421875,188.86749267578125,623.7100219726562,14270.419921875
2021-06-23,133.6999969482422,574.22998046875,3503.820068359375,340.5899963378906,2529.22998046875,2442.5400390625,265.2699890136719,512.739990234375,190.57249450683594,656.5700073242188,14274.240234375
2021-06-24,133.41000366210938,578.260009765625,3449.080078125,343.17999267578125,2545.639892578125,2450.0,266.69000244140625,518.0599975585938,192.05499267578125,679.8200073242188,14365.9599609375
2021-06-25,133.11000061035156,579.6599731445312,3401.4599609375,341.3699951171875,2539.89990234375,2450.169921875,265.0199890136719,527.0700073242188,190.30999755859375,671.8699951171875,14345.1796875
2021-06-28,134.77999877929688,588.7999877929688,3443.889892578125,355.6400146484375,2536.389892578125,2450.719970703125,268.7200012207031,533.030029296875,199.85000610351562,688.719970703125,14524.98046875
2021-06-29,136.3300018310547,590.75,3448.139892578125,351.8900146484375,2520.3701171875,2445.449951171875,271.3999938964844,533.5,200.2675018310547,680.760009765625,14572.75
2021-06-30,136.9600067138672,585.6400146484375,3440.159912109375,347.7099914550781,2506.320068359375,2441.7900390625,270.8999938964844,528.2100219726562,200.02499389648438,679.7000122070312,14554.7998046875
2021-07-01,137.27000427246094,584.72998046875,3432.969970703125,354.3900146484375,2527.3701171875,2448.889892578125,271.6000061035156,533.5399780273438,202.1199951171875,677.9199829101562,14560.0498046875
2021-07-02,139.9600067138672,593.0700073242188,3510.97998046875,354.70001220703125,2574.3798828125,2505.14990234375,277.6499938964844,533.97998046875,204.8699951171875,678.9000244140625,14727.6298828125
2021-07-06,142.02000427246094,596.9000244140625,3675.739990234375,352.7799987792969,2595.419921875,2523.800048828125,277.6600036621094,541.6400146484375,206.98500061035156,659.5800170898438,14786.3603515625
2021-07-07,144.57000732421875,605.77001953125,3696.580078125,350.489990234375,2601.550048828125,2529.47998046875,279.92999267578125,535.9600219726562,203.71749877929688,644.6500244140625,14810.5400390625
2021-07-08,143.24000549316406,605.9500122070312,3731.409912109375,345.6499938964844,2583.5400390625,2500.8798828125,277.4200134277344,530.760009765625,199.02749633789062,652.8099975585938,14722.1396484375
2021-07-09,145.11000061035156,604.5,3719.340087890625,350.4200134277344,2591.489990234375,2510.3701171875,277.94000244140625,535.97998046875,200.50250244140625,656.9500122070312,14826.08984375
2021-07-12,144.5,600.2000122070312,3718.550048828125,353.1600036621094,2611.280029296875,2539.510009765625,277.32000732421875,537.3099975585938,205.125,685.7000122070312,14877.8896484375
2021-07-13,145.63999938964844,605.010009765625,3677.360107421875,352.0899963378906,2619.889892578125,2546.830078125,280.9800109863281,540.6799926757812,202.5,668.5399780273438,14874.5400390625
2021-07-14,149.14999389648438,608.8300170898438,3681.679931640625,347.6300048828125,2641.64990234375,2564.739990234375,282.510009765625,547.9500122070312,198.4149932861328,653.3800048828125,14900.4404296875
2021-07-15,148.47999572753906,606.1699829101562,3631.199951171875,344.4599914550781,2625.330078125,2540.10009765625,281.0299987792969,542.9500122070312,189.66250610351562,650.5999755859375,14794.6904296875
2021-07-16,146.38999938964844,606.0999755859375,3573.6298828125,341.1600036621094,2636.909912109375,2539.39990234375,280.75,530.3099975585938,181.61000061035156,644.219970703125,14681.3798828125
2021-07-19,142.4499969482422,602.0499877929688,3549.590087890625,336.95001220703125,2585.080078125,2491.56005859375,277.010009765625,532.280029296875,187.79750061035156,646.219970703125,14549.08984375
2021-07-20,146.14999389648438,608.719970703125,3573.18994140625,341.6600036621094,2622.030029296875,2524.18994140625,279.32000732421875,531.0499877929688,186.1199951171875,660.5,14728.2099609375
2021-07-21,145.39999389648438,612.260009765625,3585.199951171875,346.2300109863281,2652.010009765625,2550.97998046875,281.3999938964844,513.6300048828125,194.10000610351562,655.2899780273438,14842.6298828125
2021-07-22,146.8000030517578,623.6799926757812,3638.030029296875,351.19000244140625,2666.570068359375,2568.429931640625,286.1400146484375,511.7699890136719,195.94000244140625,649.260009765625,14940.169921875
2021-07-23,148.55999755859375,625.8699951171875,3656.639892578125,369.7900085449219,2756.320068359375,2660.300048828125,289.6700134277344,515.4099731445312,195.5800018310547,643.3800048828125,15111.7900390625
2021-07-26,148.99000549316406,620.7999877929688,3699.820068359375,372.4599914550781,2792.889892578125,2680.699951171875,289.04998779296875,516.489990234375,192.94000244140625,657.6199951171875,15125.9501953125
2021-07-27,146.77000427246094,618.280029296875,3626.389892578125,367.80999755859375,2735.929931640625,2638.0,286.5400085449219,518.9099731445312,192.0800018310547,644.780029296875,14956.9697265625
2021-07-28,144.97999572753906,620.9199829101562,3630.320068359375,373.2799987792969,2727.6298828125,2721.8798828125,286.2200012207031,519.2999877929688,195.02999877929688,646.97998046875,15018.099609375
2021-07-29,145.63999938964844,621.7000122070312,3599.919921875,358.32000732421875,2730.81005859375,2715.550048828125,286.5,514.25,196.6199951171875,677.3499755859375,15048.3603515625
2021-07-30,145.86000061035156,621.6300048828125,3327.590087890625,356.29998779296875,2704.419921875,2694.530029296875,284.9100036621094,517.5700073242188,194.99000549316406,687.2000122070312,14959.900390625
2021-08-02,145.52000427246094,618.75,3331.47998046875,351.95001220703125,2719.7900390625,2697.090087890625,284.82000732421875,515.1500244140625,197.5,709.6699829101562,14963.6201171875
2021-08-03,147.36000061035156,621.280029296875,3366.239990234375,351.239990234375,2725.60009765625,2712.60009765625,287.1199951171875,510.82000732421875,198.14999389648438,709.739990234375,15061.419921875
2021-08-04,146.9499969482422,625.6799926757812,3354.719970703125,358.9200134277344,2720.570068359375,2702.510009765625,286.510009765625,517.3499755859375,202.74000549316406,710.9199829101562,15083.3896484375
2021-08-05,147.05999755859375,632.0800170898438,3375.989990234375,362.9700012207031,2738.800048828125,2725.030029296875,289.5199890136719,524.8900146484375,206.3699951171875,714.6300048828125,15181.6396484375
2021-08-06,146.13999938964844,631.3800048828125,3344.93994140625,363.510009765625,2740.719970703125,2714.77001953125,289.4599914550781,520.5499877929688,203.66000366210938,699.0999755859375,15109.3603515625
2021-08-09,146.08999633789062,629.219970703125,3341.8701171875,361.6099853515625,2760.0400390625,2738.260009765625,288.3299865722656,519.969970703125,202.9499969482422,713.760009765625,15133.1103515625
2021-08-10,145.60000610351562,621.739990234375,3320.679931640625,361.1300048828125,2761.929931640625,2736.139892578125,286.44000244140625,515.8400268554688,199.36000061035156,709.989990234375,15053.580078125
2021-08-11,145.86000061035156,626.030029296875,3292.110107421875,359.9599914550781,2753.7900390625,2725.580078125,286.95001220703125,512.4000244140625,196.99000549316406,707.8200073242188,15027.759765625
2021-08-12,148.88999938964844,634.3499755859375,3303.5,362.6499938964844,2767.7900390625,2743.8798828125,289.80999755859375,510.7200012207031,199.0500030517578,722.25,15088.98046875
2021-08-13,149.10000610351562,637.3099975585938,3293.969970703125,363.17999267578125,2768.1201171875,2754.550048828125,292.8500061035156,515.9199829101562,201.8800048828125,717.1699829101562,15136.6796875
2021-08-16,151.1199951171875,636.9400024414062,3298.989990234375,366.55999755859375,2778.320068359375,2766.18994140625,294.6000061035156,517.9199829101562,199.5,686.1699829101562,15140.76953125
2021-08-17,150.19000244140625,635.010009765625,3241.9599609375,358.45001220703125,2746.010009765625,2733.22998046875,293.0799865722656,518.9099731445312,194.5800018310547,665.7100219726562,15002.830078125
2021-08-18,146.36000061035156,626.77001953125,3201.219970703125,355.45001220703125,2731.39990234375,2708.97998046875,290.7300109863281,521.8699951171875,190.39999389648438,688.989990234375,14857.919921875
2021-08-19,146.6999969482422,637.6599731445312,3187.75,355.1199951171875,2738.27001953125,2713.60009765625,296.7699890136719,543.7100219726562,197.97999572753906,673.469970703125,14933.9404296875
2021-08-20,148.19000244140625,647.3400268554688,3199.949951171875,359.3699951171875,2768.739990234375,2748.590087890625,304.3599853515625,546.8800048828125,208.16000366210938,680.260009765625,15092.5703125
2021-08-23,149.7100067138672,656.8599853515625,3265.8701171875,363.3500061035156,2821.989990234375,2800.830078125,304.6499938964844,553.3300170898438,219.5800018310547,706.2999877929688,15312.8203125
2021-08-24,149.6199951171875,657.239990234375,3305.780029296875,365.510009765625,2847.969970703125,2825.22998046875,302.6199951171875,553.4099731445312,217.92999267578125,708.489990234375,15357.6796875
2021-08-25,148.36000061035156,656.7999877929688,3299.179931640625,368.3900146484375,2859.0,2841.580078125,302.010009765625,547.5800170898438,222.1300048828125,711.2000122070312,15368.919921875
2021-08-26,147.5399932861328,652.3900146484375,3316.0,364.3800048828125,2842.4599609375,2828.81005859375,299.0899963378906,550.1199951171875,220.67999267578125,701.1599731445312,15278.51953125
2021-08-27,148.60000610351562,658.52001953125,3349.6298828125,372.6300048828125,2891.010009765625,2880.080078125,299.7200012207031,558.9199829101562,226.36000061035156,711.9199829101562,15432.9501953125
2021-08-30,153.1199951171875,665.989990234375,3421.570068359375,380.6600036621094,2909.389892578125,2891.81005859375,303.5899963378906,566.1799926757812,226.8800048828125,730.9099731445312,15605.08984375
2021-08-31,151.8300018310547,663.7000122070312,3470.7900390625,379.3800048828125,2909.239990234375,2893.949951171875,301.8800048828125,569.1900024414062,223.85000610351562,735.719970703125,15582.509765625
2021-09-01,152.50999450683594,665.8900146484375,3479.0,382.04998779296875,2916.840087890625,2904.31005859375,301.8299865722656,582.0700073242188,224.41000366210938,734.0900268554688,15611.5703125
2021-09-02,153.64999389648438,664.6400146484375,3463.1201171875,375.2799987792969,2884.3798828125,2865.739990234375,301.1499938964844,588.5499877929688,223.9600067138672,732.3900146484375,15604.25
2021-09-03,154.3000030517578,666.5900268554688,3478.050048828125,376.260009765625,2895.5,2874.7900390625,301.1400146484375,590.530029296875,228.42999267578125,733.5700073242188,15652.8603515625
2021-09-07,156.69000244140625,661.3900146484375,3509.2900390625,382.17999267578125,2910.3798828125,2885.610107421875,300.17999267578125,606.7100219726562,226.6199951171875,752.9199829101562,15675.759765625
2021-09-08,155.11000061035156,663.219970703125,3525.5,377.57000732421875,2897.669921875,2873.820068359375,300.2099914550781,606.0499877929688,223.38999938964844,753.8699951171875,15620.849609375
2021-09-09,154.07000732421875,661.6799926757812,3484.159912109375,378.0,2898.27001953125,2870.820068359375,297.25,597.5399780273438,221.77000427246094,754.8599853515625,15561.0498046875
2021-09-10,148.97000122070312,658.9400024414062,3469.14990234375,378.69000244140625,2838.419921875,2817.52001953125,295.7099914550781,598.719970703125,224.77999877929688,736.27001953125,15440.75
2021-09-13,149.5500030517578,645.1500244140625,3457.169921875,376.510009765625,2869.300048828125,2846.64990234375,296.989990234375,589.2899780273438,221.52000427246094,743.0,15434.5
2021-09-14,148.1199951171875,645.010009765625,3450.0,376.5299987792969,2868.1201171875,2850.889892578125,299.7900085449219,577.760009765625,222.4199981689453,744.489990234375,15382.900390625
2021-09-15,149.02999877929688,661.0800170898438,3475.7900390625,373.9200134277344,2904.1201171875,2888.590087890625,304.82000732421875,582.8699951171875,223.41000366210938,755.8300170898438,15503.5302734375
2021-09-16,148.7899932861328,665.1099853515625,3488.239990234375,373.05999755859375,2887.469970703125,2872.199951171875,305.2200012207031,586.5,222.4199981689453,756.989990234375,15515.91015625
2021-09-17,146.05999755859375,654.47998046875,3462.52001953125,364.7200012207031,2829.27001953125,2816.0,299.8699951171875,589.3499755859375,219.0,759.489990234375,15333.4697265625
2021-09-20,142.94000244140625,641.2899780273438,3355.72998046875,355.70001220703125,2780.340087890625,2774.389892578125,294.29998779296875,575.4299926757812,211.1300048828125,730.1699829101562,15012.1904296875
2021-09-21,143.42999267578125,645.8900146484375,3343.6298828125,357.4800109863281,2792.929931640625,2780.659912109375,294.79998779296875,573.1400146484375,212.4600067138672,739.3800048828125,15027.76953125
2021-09-22,145.85000610351562,626.0800170898438,3380.050048828125,343.2099914550781,2818.77001953125,2805.669921875,298.5799865722656,590.6500244140625,219.41000366210938,751.9400024414062,15176.509765625
2021-09-23,146.8300018310547,630.8400268554688,3416.0,345.9599914550781,2836.530029296875,2824.320068359375,299.55999755859375,593.260009765625,224.82000732421875,753.6400146484375,15316.580078125
2021-09-24,146.9199981689453,622.7100219726562,3425.52001953125,352.9599914550781,2852.659912109375,2844.300048828125,299.3500061035156,592.3900146484375,220.80999755859375,774.3900146484375,15329.6796875
2021-09-27,145.3699951171875,603.6500244140625,3405.800048828125,353.5799865722656,2830.02001953125,2821.43994140625,294.1700134277344,592.6400146484375,216.60000610351562,791.3599853515625,15204.8203125
2021-09-28,141.91000366210938,578.77001953125,3315.9599609375,340.6499938964844,2723.679931640625,2716.60009765625,283.5199890136719,583.8499755859375,206.99000549316406,777.5599975585938,14770.2998046875
2021-09-29,142.8300018310547,577.7000122070312,3301.1201171875,339.6099853515625,2690.419921875,2687.070068359375,284.0,599.0599975585938,205.1699981689453,781.3099975585938,14752.8896484375
2021-09-30,141.5,575.719970703125,3285.0400390625,339.3900146484375,2665.31005859375,2673.52001953125,281.9200134277344,610.3400268554688,207.16000366210938,775.47998046875,14689.6201171875
2021-10-01,142.64999389648438,577.469970703125,3283.260009765625,343.010009765625,2729.25,2730.860107421875,289.1000061035156,613.1500244140625,207.4199981689453,775.219970703125,14791.8701171875
2021-10-04,139.13999938964844,558.489990234375,3189.780029296875,326.2300109863281,2675.300048828125,2673.18994140625,283.1099853515625,603.3499755859375,197.32000732421875,781.530029296875,14472.1201171875
2021-10-05,141.11000061035156,566.7000122070312,3221.0,332.9599914550781,2723.5400390625,2720.4599609375,288.760009765625,634.8099975585938,204.50999450683594,780.5900268554688,14674.150390625
2021-10-06,142.0,570.3099975585938,3262.010009765625,333.6400146484375,2747.080078125,2751.300048828125,293.1099853515625,639.0999755859375,207.0,782.75,14766.75
2021-10-07,143.2899932861328,578.9600219726562,3302.429931640625,329.2200012207031,2783.7099609375,2784.5,294.8500061035156,631.8499755859375,210.75,793.6099853515625,14897.1298828125
2021-10-08,142.89999389648438,576.8599853515625,3288.6201171875,330.04998779296875,2801.1201171875,2795.7099609375,294.8500061035156,632.6599731445312,208.30999755859375,785.489990234375,14820.75
2021-10-11,142.80999755859375,573.0700073242188,3246.300048828125,325.45001220703125,2776.949951171875,2778.280029296875,294.2300109863281,627.0399780273438,206.9499969482422,791.9400024414062,14713.73046875
2021-10-12,141.50999450683594,580.6900024414062,3247.330078125,323.7699890136719,2734.260009765625,2728.97998046875,292.8800048828125,624.9400024414062,206.7100067138672,805.719970703125,14662.1103515625
2021-10-13,140.91000366210938,591.1199951171875,3284.280029296875,324.5400085449219,2758.0,2751.639892578125,296.30999755859375,629.760009765625,209.38999938964844,811.0800170898438,14774.599609375
2021-10-14,143.75999450683594,607.510009765625,3299.860107421875,328.5299987792969,2828.239990234375,2823.02001953125,302.75,633.7999877929688,217.4600067138672,818.3200073242188,15052.419921875
2021-10-15,144.83999633789062,610.0900268554688,3409.02001953125,324.760009765625,2833.5,2827.360107421875,304.2099914550781,628.2899780273438,218.6199951171875,843.030029296875,15146.919921875
2021-10-18,146.5500030517578,622.8300170898438,3446.739990234375,335.3399963378906,2859.2099609375,2855.56005859375,307.2900085449219,637.969970703125,222.22000122070312,870.1099853515625,15300.8896484375
2021-10-19,148.75999450683594,636.0700073242188,3444.14990234375,339.989990234375,2876.43994140625,2864.739990234375,308.2300109863281,639.0,222.89999389648438,864.27001953125,15410.7197265625
2021-10-20,149.25999450683594,632.3699951171875,3415.06005859375,340.7799987792969,2848.300048828125,2835.3798828125,307.4100036621094,625.1400146484375,221.02999877929688,865.7999877929688,15388.7099609375
2021-10-21,149.47999572753906,638.6599731445312,3435.010009765625,341.8800048828125,2855.610107421875,2837.719970703125,310.760009765625,653.1599731445312,226.9199981689453,894.0,15489.58984375
2021-10-22,148.69000244140625,643.5800170898438,3335.550048828125,324.6099853515625,2772.5,2751.330078125,309.1600036621094,664.780029296875,227.25999450683594,909.6799926757812,15355.0703125
2021-10-25,148.63999938964844,646.969970703125,3320.3701171875,328.69000244140625,2775.4599609375,2748.93994140625,308.1300048828125,671.6599731445312,231.66000366210938,1024.8599853515625,15514.1904296875
2021-10-26,149.32000732421875,642.5,3376.070068359375,315.80999755859375,2793.43994140625,2786.169921875,310.1099853515625,668.52001953125,247.1699981689453,1018.4299926757812,15559.490234375
2021-10-27,148.85000610351562,640.0800170898438,3392.489990234375,312.2200012207031,2928.550048828125,2924.35009765625,323.1700134277344,662.9199829101562,244.50999450683594,1037.8599853515625,15598.3896484375
2021-10-28,152.57000732421875,639.280029296875,3446.570068359375,316.9200134277344,2922.580078125,2916.97998046875,324.3500061035156,674.0499877929688,249.41000366210938,1077.0400390625,15778.16015625
2021-10-29,149.8000030517578,650.3599853515625,3372.429931640625,323.57000732421875,2965.409912109375,2960.919921875,331.6199951171875,690.3099975585938,255.6699981689453,1114.0,15850.4697265625
2021-11-01,148.9600067138672,640.2000122070312,3318.110107421875,329.9800109863281,2875.47998046875,2869.93994140625,329.3699951171875,681.1699829101562,258.2699890136719,1208.5899658203125,15905.2802734375
2021-11-02,150.02000427246094,640.4000244140625,3312.75,328.0799865722656,2917.260009765625,2908.64990234375,333.1300048828125,677.719970703125,264.010009765625,1172.0,15972.490234375
2021-11-03,151.49000549316406,655.1799926757812,3384.0,331.6199951171875,2935.800048828125,2931.9599609375,334.0,688.2899780273438,265.9800109863281,1213.8599853515625,16144.5
2021-11-04,150.9600067138672,674.0800170898438,3477.0,335.8500061035156,2973.659912109375,2965.35009765625,336.44000244140625,668.4000244140625,298.010009765625,1229.9100341796875,16346.240234375
2021-11-05,151.27999877929688,662.719970703125,3518.989990234375,341.1300048828125,2984.820068359375,2977.0400390625,336.05999755859375,645.719970703125,297.5199890136719,1222.0899658203125,16359.3798828125
2021-11-08,150.44000244140625,666.02001953125,3488.97998046875,338.6199951171875,2987.030029296875,2980.6201171875,336.989990234375,651.4500122070312,308.0400085449219,1162.93994140625,16336.0302734375
2021-11-09,150.80999755859375,667.9199829101562,3576.22998046875,335.3699951171875,2984.969970703125,2978.3701171875,335.95001220703125,655.989990234375,306.57000732421875,1023.5,16219.9404296875
2021-11-10,147.9199981689453,647.5,3482.050048828125,327.6400146484375,2932.52001953125,2917.8701171875,330.79998779296875,646.9099731445312,294.5899963378906,1067.949951171875,15985.5703125
2021-11-11,147.8699951171875,643.1699829101562,3472.5,327.739990234375,2934.9599609375,2915.330078125,332.42999267578125,657.5800170898438,303.8999938964844,1063.510009765625,16032.4697265625
2021-11-12,149.99000549316406,657.5999755859375,3525.14990234375,340.8900146484375,2992.909912109375,2973.56005859375,336.7200012207031,682.6099853515625,303.8999938964844,1033.4200439453125,16199.8896484375
2021-11-15,150.0,659.72998046875,3545.679931640625,347.55999755859375,2987.760009765625,2969.0400390625,336.07000732421875,679.3300170898438,300.25,1013.3900146484375,16189.1201171875
2021-11-16,151.0,671.030029296875,3540.699951171875,342.9599914550781,2981.52001953125,2957.52001953125,339.510009765625,687.4000244140625,302.0299987792969,1054.72998046875,16309.76953125
2021-11-17,153.49000549316406,670.6699829101562,3549.0,340.7699890136719,2981.239990234375,2960.93994140625,339.1199951171875,691.6900024414062,292.6099853515625,1089.010009765625,16308.0703125
2021-11-18,157.8699951171875,670.9600219726562,3696.06005859375,338.69000244140625,3014.179931640625,2996.77001953125,341.2699890136719,682.02001953125,316.75,1096.3800048828125,16482.970703125
2021-11-19,160.5500030517578,688.3699951171875,3676.570068359375,345.29998779296875,2999.050048828125,2978.530029296875,343.1099853515625,678.7999877929688,329.8500061035156,1137.06005859375,16573.33984375
2021-11-22,161.02000427246094,673.5700073242188,3572.570068359375,341.010009765625,2941.570068359375,2926.0400390625,339.8299865722656,659.2000122070312,319.55999755859375,1156.8699951171875,16380.98046875
2021-11-23,161.41000366210938,665.1599731445312,3580.0400390625,337.25,2935.139892578125,2915.639892578125,337.67999267578125,654.0599975585938,317.4599914550781,1109.030029296875,16306.7197265625
2021-11-24,161.94000244140625,668.3200073242188,3580.409912109375,341.05999755859375,2934.35009765625,2922.39990234375,337.9100036621094,658.2899780273438,326.739990234375,1116.0,16367.8095703125
2021-11-26,156.80999755859375,662.0999755859375,3504.56005859375,333.1199951171875,2856.1201171875,2843.659912109375,329.67999267578125,665.6400146484375,315.0299987792969,1081.9200439453125,16025.580078125
2021-11-29,160.24000549316406,687.489990234375,3561.570068359375,338.0299987792969,2922.280029296875,2910.610107421875,336.6300048828125,663.8400268554688,333.760009765625,1136.989990234375,16399.240234375
2021-11-30,165.3000030517578,669.8499755859375,3507.070068359375,324.4599914550781,2849.0400390625,2837.949951171875,330.5899963378906,641.9000244140625,326.760009765625,1144.760009765625,16135.919921875
2021-12-01,164.77000427246094,657.4099731445312,3443.719970703125,310.6000061035156,2832.360107421875,2821.030029296875,330.0799865722656,617.77001953125,314.3500061035156,1095.0,15877.716796875
